﻿<?xml version="1.0" encoding="utf-8" ?>
<!--XML FILE BY Fillertheuser-->
<models>
  <model name="Klobber" file="900D60"/>
  <model name="Snide" file="901B7E"/>
  <model name="Kaboom" file="90376C"/>
  <model name="Klaptrap" file="904584"/>
  <model name="Klaptrap" file="905526"/>
  <model name="Klaptrap" file="9064C4"/>
  <model name="Klaptrap Jaw" file="90745C"/>
  <model name="Mad jack" file="907B5A"/>
  <model name="Mine Cart Kremlin" file="90B552"/>
  <model name="Toff" file="90CBBE"/>
  <model name="?" file="90E62A"/>
  <model name="Sir Domino" file="90E7C0"/>
  <model name="Mr. Dice" file="90F11C"/>
  <model name="?" file="90FA86"/>
  <model name="Krobot" file="910264"/>
  <model name="Scoff" file="91194E"/>
  <model name="?" file="912BD2"/>
  <model name="?" file="913F76"/>
  <model name="Nintendo 64 Logo" file="914432"/>
  <model name="Kremlin" file="91493C"/>
  <model name="?" file="915DDC"/>
  <model name="?" file="916BE6"/>
  <model name="Fish?" file="917A64"/>
  <model name="Car" file="9191F2"/>
  <model name="?" file="91A358"/>
  <model name="Ksplat" file="91BACA"/>
  <model name="?" file="91D16C"/>
  <model name="?" file="91F9A6"/>
  <model name="Klump" file="920A16"/>
  <model name="Pufftup" file="922474"/>
  <model name="Dogadon" file="925522"/>
  <model name="Banana Fairy" file="927A12"/>
  <model name="Llama" file="9289CE"/>
  <model name="?" file="929FE4"/>
  <model name="?" file="92C1D6"/>
  <model name="?" file="92CB32"/>
  <model name="?" file="92D124"/>
  <model name="Shuri" file="92E9E2"/>
  <model name="Shuri" file="92F42A"/>
  <model name="?" file="9306B8"/>
  <model name="?" file="932E12"/>
  <model name="?" file="934496"/>
  <model name="?" file="935A02"/>
  <model name="K.Rool" file="937B18"/>
  <model name="?" file="93A4F4"/>
  <model name="?" file="93AC7E"/>
  <model name="?" file="93B918"/>
  <model name="?" file="93BE40"/>
  <model name="?" file="93D51C"/>
  <model name="?" file="93E8F4"/>
  <model name="?" file="93F500"/>
  <model name="?" file="93FD12"/>
  <model name="?" file="940D6A"/>
  <model name="Fly" file="941E20"/>
  <model name="Fly Squater" file="942C10"/>
  <model name="?" file="942FEA"/>
  <model name="Owl" file="943178"/>
  <model name="Ghost Book" file="9448C2"/>
  <model name="?" file="945460"/>
  <model name="?" file="945F2C"/>
  <model name="Pufftup" file="946F98"/>
  <model name="Mermaid" file="948308"/>
  <model name="?" file="949AAC"/>
  <model name="?" file="94B0F2"/>
  <model name="Sqwark" file="94B36C"/>
  <model name="Caterpillar" file="94C396"/>
  <model name="?" file="94CCC0"/>
  <model name="?" file="94E494"/>
  <model name="?" file="94FBC0"/>
  <model name="?" file="950D14"/>
  <model name="?" file="952128"/>
  <model name="?" file="95273A"/>
  <model name="?" file="9539A8"/>
  <model name="?" file="955AE2"/>
  <model name="?" file="955D44"/>
  <model name="?" file="958A88"/>
  <model name="?" file="959198"/>
  <model name="?" file="959486"/>
  <model name="?" file="95991A"/>
  <model name="?" file="95A64A"/>
  <model name="?" file="95B164"/>
  <model name="?" file="95BCD4"/>
  <model name="?" file="95C84E"/>
  <model name="?" file="95D758"/>
  <model name="?" file="95DDA2"/>
  <model name="?" file="95E02C"/>
  <model name="?" file="95E1AC"/>
  <model name="?" file="95E564"/>
  <model name="?" file="95EAF2"/>
  <model name="?" file="95EE82"/>
  <model name="?" file="95F17C"/>
  <model name="?" file="95F474"/>
  <model name="?" file="95F8B6"/>
  <model name="?" file="95FB68"/>
  <model name="?" file="95FE96"/>
  <model name="?" file="9604EC"/>
  <model name="?" file="960AE4"/>
  <model name="?" file="960D76"/>
  <model name="?" file="96102A"/>
  <model name="?" file="9613C8"/>
  <model name="?" file="9617D8"/>
  <model name="?" file="962E82"/>
  <model name="?" file="9631A6"/>
  <model name="?" file="963586"/>
  <model name="?" file="96418C"/>
  <model name="?" file="964320"/>
  <model name="?" file="9644F2"/>
  <model name="?" file="964C1E"/>
  <model name="?" file="964F16"/>
  <model name="?" file="96520E"/>
  <model name="?" file="965506"/>
  <model name="?" file="965C76"/>
  <model name="?" file="965FC8"/>
  <model name="?" file="966C50"/>
  <model name="?" file="966D70"/>
  <model name="?" file="966FFA"/>
  <model name="?" file="967288"/>
  <model name="?" file="967514"/>
  <model name="?" file="96779A"/>
  <model name="?" file="967AC8"/>
  <model name="?" file="968964"/>
  <model name="?" file="968B98"/>
  <model name="?" file="968FEA"/>
  <model name="?" file="96988C"/>
  <model name="?" file="969D00"/>
  <model name="?" file="96A1C4"/>
  <model name="?" file="96A64C"/>
  <model name="?" file="96AB12"/>
  <model name="?" file="96AFD6"/>
  <model name="?" file="96B7B2"/>
  <model name="?" file="96BE06"/>
  <model name="?" file="96C458"/>
  <model name="?" file="96C75E"/>
  <model name="?" file="96CC42"/>
  <model name="?" file="96D126"/>
  <model name="?" file="96D23A"/>
  <model name="?" file="96DC56"/>
  <model name="?" file="96E036"/>
  <model name="?" file="96E1C4"/>
  <model name="?" file="96E434"/>
  <model name="?" file="96EB04"/>
  <model name="?" file="96ED68"/>
  <model name="?" file="96F2DE"/>
  <model name="?" file="96F726"/>
  <model name="?" file="96F8CC"/>
  <model name="?" file="96FA74"/>
  <model name="?" file="96FFEE"/>
  <model name="?" file="970278"/>
  <model name="?" file="970500"/>
  <model name="?" file="970590"/>
  <model name="?" file="970712"/>
  <model name="?" file="970894"/>
  <model name="?" file="970A16"/>
  <model name="?" file="970B98"/>
  <model name="?" file="970D1A"/>
  <model name="?" file="970F02"/>
  <model name="?" file="971046"/>
  <model name="?" file="9716CA"/>
  <model name="?" file="9718FA"/>
  <model name="?" file="971AA2"/>
  <model name="?" file="972D60"/>
  <model name="?" file="97300C"/>
  <model name="?" file="9731B0"/>
  <model name="?" file="973242"/>
  <model name="?" file="973764"/>
  <model name="?" file="973FBC"/>
  <model name="?" file="9742B0"/>
  <model name="?" file="974BA0"/>
  <model name="?" file="974E6C"/>
  <model name="?" file="9751C2"/>
  <model name="?" file="975518"/>
  <model name="?" file="97586E"/>
  <model name="?" file="975BC4"/>
  <model name="?" file="975F1A"/>
  <model name="?" file="97626E"/>
  <model name="?" file="97670C"/>
  <model name="?" file="976F06"/>
  <model name="?" file="9771CC"/>
  <model name="?" file="977374"/>
  <model name="?" file="97751C"/>
  <model name="?" file="9776C4"/>
  <model name="?" file="977B6E"/>
  <model name="?" file="977D5C"/>
  <model name="?" file="978022"/>
  <model name="?" file="9787C0"/>
  <model name="?" file="9797BA"/>
  <model name="?" file="979B20"/>
  <model name="?" file="979D02"/>
  <model name="?" file="979EDE"/>
  <model name="?" file="97A680"/>
  <model name="?" file="97C07E"/>
  <model name="?" file="97C6AA"/>
  <model name="?" file="97CD24"/>
  <model name="?" file="97D52A"/>
  <model name="?" file="97DC80"/>
  <model name="?" file="97E06E"/>
  <model name="?" file="97E2E0"/>
  <model name="?" file="97E4B8"/>
  <model name="?" file="97E74A"/>
  <model name="?" file="97EEB8"/>
  <model name="?" file="97F19A"/>
  <model name="?" file="97F6F0"/>
  <model name="?" file="97FD06"/>
  <model name="?" file="97FF56"/>
  <model name="?" file="9800A6"/>
  <model name="?" file="9803D6"/>
  <model name="?" file="9807FE"/>
  
  
  <model name="DK's Tree house - Outside" file="3F9DCA"/>
  <model name="Army Dillo's boss room" file="18F88E"/>
  <model name="Minigame barrel where you shoot Kremlings" file="1910FC"/>
  <model name="Stealthy Snoop maze" file="192F94"/>
  <model name="Jungle Japes - Inside the shell" file="1971E6"/>
  <model name="Jungle Japes - Painting Room" file="19A9B2"/>
  <model name="?" file="19BE58"/>
  <model name="Snide's Hut" file="1B7A72"/>
  <model name="Angry Aztec - Tiny's Temple" file="1BB76E"/>
  <model name="" file="1C1008"/>
  <model name="Minigame where you shoot Kremlings to help Fairies pass by." file="1E0E9C"/>
  <model name="Angry Aztec - Get Out Room 1" file="1E18E4"/>
  <model name="Angry Aztec - Llama Temple" file="1E5846"/>
  <model name="Angry Aztec - Get Out Room 2" file="1ED372"/>
  <model name="Angry Aztec - Get Out Room 3" file="1F129C"/>
  <model name="Angry Aztec - Get Out Room 4" file="1F7AEE"/>
  <model name="Angry Aztec - Get Out Room 5" file="1FD358"/>
  <model name="Candy's Hut" file="205F9E"/>
  <model name="?" file="20A510"/>
  <model name="?" file="23E928"/>
  <model name="Frantic Factory - Power Shed" file="259D54"/>
  <model name="(B?) Weird buggy messy Room" file="25A980"/>
  <model name="Gloomy Gallon - Inside The Ship" file="27248E"/>
  <model name="Slot Machine Minigame" file="274E8C"/>
  <model name="Jungle Japes - Underground" file="275B42"/>
  <model name="DK Island Outside" file="279028"/>
  <model name="Hideout Helm Minigame" file="2864AC"/>
  <model name="Frantic Factory Belt Room" file="286F58"/>
  <model name="(B?) Skybox?" file="287B1E"/>
  <model name="?" file="2882A8"/>
  <model name="Gloomy Gallon Boat Race" file="299C9A"/>
  <model name="DK Rap Stand" file="2A18FE"/>
  <model name="(?) Weird vetex shaded house" file="2A1E9E"/>
  <model name="Pre-boss area" file="2A2472"/>
  <model name="Gloomy Gallon - inside ship 1" file="2A3E6A"/>
  <model name="Gloomy Gallon - Treasure Chest" file="2A8554"/>
  <model name="Gloomy Gallon - Mermaid's room" file="2AA4F2"/>
  <model name="Gloomy Gallon - Inside Ship 2" file="2AC480"/>
  <model name="Gloomy Gallon - Inside Ship 3" file="2B2444"/>
  <model name="?" file="2B9526"/>
  <model name="Gloomy Gallon - Lighthouse" file="2D387E"/>
  <model name="Gloomy Gallon - Inside Robot Fish" file="2D78BA"/>
  <model name="Fungi Forest - Inside Stump?" file="2DAA3A"/>
  <model name="Battle Minigame" file="2DC324"/>
  <model name="?" file="2DCAD0"/>
  <model name="?" file="2DDCBA"/>
  <model name="Fungi Forest - Diddy's Barn" file="306D1C"/>
  <model name="Fungi Forest - Winch Room" file="3099D0"/>
  <model name="Fungi Forest - Room?" file="30BBA4"/>
  <model name="Fungi Forest - DK's Barn" file="30D778"/>
  <model name="Fungi Forest - Spider Room" file="311394"/>
  <model name="Fungi Forest - Crusher Barn" file="31320E"/>
  <model name="Fungi Forest - Tiny/Chunky Barn" file="316C50"/>
  <model name="Fungi Forest - Inside the mushroom top" file="31AB06"/>
  <model name="Fungi Forest - Inside the mushroom stem" file="31B7AC"/>
  <model name="Stealthy Snoop maze 2" file="320F14"/>
  <model name="(B?) - Crystal Caves area" file="3234B6"/>
  <model name="Minecart dodging minigame" file="33FB42"/>
  <model name="Standard minigame barrel" file="340B08"/>
  <model name="Main Menu with DK" file="3418E0"/>
  <model name="Test Room" file="342A22"/>
  <model name="?" file="342E0A"/>
  <model name="?" file="3613FE"/>
  <model name="Crystal Caves - Inside igloo" file="361FB0"/>
  <model name="Crystal Caves - Inside igloo 2" file="363240"/>
  <model name="Crystal Caves - Inside igloo 3" file="365C86"/>
  <model name="(B?) - Possibly Creepy Castle?" file="367AB0"/>
  <model name="Creepy Castle - Ballroom" file="37B66E"/>
  <model name="(B?) - Bunch of weird squares of wood" file="37F7DC"/>
  <model name="Crystal Caves - Cabin 1" file="37FA50"/>
  <model name="Crystal Caves - Cabin 2" file="382704"/>
  <model name="Crystal Caves - Cabin 3" file="38459E"/>
  <model name="Crystal Caves - Cabin 4" file="3865EA"/>
  <model name="Crystal Caves - Cabin 5" file="3883BA"/>
  <model name="Crystal Caves - igloo 4" file="38A20E"/>
  <model name="Minigame Barrel taller with Vert shaded top" file="38ADAC"/>
  <model name="K.Lumsy's room" file="38BD74"/>
  <model name="Crystal Caves - Tomato room" file="38D794"/>
  <model name="Minigame Barrel with painted trees" file="38F410"/>
  <model name="(D) Crystal Caves - igloo 5" file="38FFCE"/>
  <model name="Worst minigame barrel" file="390B7C"/>
  <model name="Creepy Caste - Top tower inside" file="3915C6"/>
  <model name="?" file="392282"/>
  <model name="(D) Battle Minigame but with triangles" file="3B63FC"/>
  <model name="Creepy Castle - Catacombs 1" file="3B70D8"/>
  <model name="Multiplayer arena 1" file="3BBF8E"/>
  <model name="Frantic Factory - DK barrel launch" file="3BF634"/>
  <model name="Pufftoss arena" file="3C18E2"/>
  <model name="Creepy Caste - Catacombs 2" file="3C2092"/>
  <model name="Creepy Castle - Museum" file="3C9DE0"/>
  <model name="Creepy Castle - Library" file="3CE4A0"/>
  <model name="(D) Minigame where you shoot Kremlings to help Fairies pass by but with holes on walls" file="3D1846"/>
  <model name="Creepy Castle - second lowest floor" file="3D2478"/>
  <model name="Mad Jack Arena" file="3D6158"/>
  <model name="Creepy Castle - Prison chambers" file="3D6B38"/>
  <model name="Creepy Castle - Inside tree" file="3DE74E"/>
  <model name="Creepy Castle - shed" file="3E3184"/>
  <model name="Creepy Castle - Trash can" file="3E4A5E"/>
  <model name="Creepy Castle - maze" file="3E5C10"/>
  <model name="Pre Jungle Japes Room" file="3E7B6C"/>
  <model name="(B) Pre Hideout Helm Room" file="3E95FC"/>
  <model name="DK's House - inside" file="3ECE12"/>
  <model name="DK Isle Rock by itself" file="3F09A8"/>
  <model name="Pre Angry Aztec room" file="3F1532"/>
  <model name="Pre Gloom Gallon room" file="3F41DE"/>
  <model name="Pre Factory Room" file="3F77FE"/>
  <model name="DK's Treehouse" file="3F9DCA"/>
  <model name="Pre Fungi Forest Room" file="4025BA"/>
  <model name="Gloomy Gallon - inside sub" file="404CE2"/>
  <model name="Creepy Castle - Inside lowest floor" file="405F4C"/>
  <model name="Engarde's Mstery Menu minigame/Rare logos everywhere" file="40A472"/>
  <model name="Creepy Castle/Factory - Race minigame" file="40C1D6"/>
  <model name="Crystal Caves - DK blast area" file="41292E"/>
  <model name="Creepy Castle - DK Blast Area" file="415142"/>
  <model name="?" file="415E52"/>
  <model name="Banana Fairy Island - Inside" file="417062"/>
  <model name="(B) Multiplayer Arena 2" file="41B0D8"/>
  <model name="Rambi Mystery Menu Minigame" file="41E400"/>
  <model name="Multiplayer Arena 3" file="4206E2"/>
  <model name="Pre Creepy Castle Room" file="422326"/>
  <model name="Pre Crystal Caves room" file="425026"/>
  <model name="Inside Croc Island - Snide's area" file="4285CE"/>
  <model name="Armydillo fight 2 arena" file="42908C"/>
  <model name="Dragonfly boss platform" file="42DB0E"/>
  <model name="Kut-Out Boss area" file="42E3F6"/>
  <model name="Crystal Caves - Cabin 6" file="4309A2"/>
  <model name="K Rool's boxing Ring" file="433B3A"/>
  <model name="(C) K Rool's Boxing Ring" file="437AA0"/>
  <model name="(U?) - White box" file="43B25C"/>
  <model name="(B) - K Rool's Shoe" file="43B3F2"/>
  <model name="?" file="43CF64"/>
  <model name="?" file="43D074"/>
  <model name="?" file="43E444"/>
  <model name="?" file="43F460"/>
  <model name="?" file="443016"/>
  <model name="?" file="444730"/>
  <model name="?" file="47209C"/>
  <model name="?" file="473044"/>
  <model name="?" file="473064"/>
  <model name="?" file="47503A"/>
  <model name="?" file="476870"/>
  <model name="?" file="477094"/>
  <model name="?" file="47A890"/>
  <model name="?" file="47A8B0"/>
  <model name="?" file="47CA70"/>
  <model name="?" file="490712"/>
  <model name="?" file="490ABC"/>
  <model name="?" file="491E86"/>
  <model name="?" file="495986"/>
  <model name="?" file="496EA0"/>
  <model name="?" file="499322"/>
  <model name="?" file="49B132"/>
  <model name="?" file="49E05E"/>
  <model name="?" file="506CCA"/>
  <model name="?" file="506DB8"/>
  <model name="?" file="5584CE"/>
  <model name="?" file="559164"/>
  <model name="?" file="55943E"/>
  <model name="?" file="55A530"/>
  <model name="?" file="5618E6"/>
  <model name="?" file="562540"/>
  <model name="?" file="5629FA"/>
  <model name="?" file="562DC8"/>
  <model name="?" file="56B94C"/>
  <model name="?" file="56D7A8"/>
  <model name="?" file="56D7C8"/>
  <model name="?" file="56DB7E"/>
  <model name="?" file="56E620"/>
  <model name="?" file="56FE30"/>
  <model name="?" file="57047A"/>
  <model name="?" file="5710DC"/>
  <model name="?" file="573AE0"/>
  <model name="?" file="576410"/>
  <model name="?" file="58760E"/>
  <model name="?" file="589C90"/>
  <model name="?" file="58BCD4"/>
  <model name="?" file="58C612"/>
  <model name="?" file="58C83C"/>
  <model name="?" file="58CACE"/>
  <model name="?" file="58CBF6"/>
  <model name="?" file="58DD82"/>
  <model name="?" file="58E79E"/>
  <model name="?" file="58ED54"/>
  <model name="?" file="590256"/>
  <model name="?" file="591162"/>
  <model name="?" file="59271E"/>
  <model name="?" file="593C56"/>
  <model name="?" file="5940CA"/>
  <model name="?" file="596C0A"/>
  <model name="?" file="5E0A62"/>
  <model name="?" file="5E0A8A"/>
  <model name="?" file="5E0E78"/>
  <model name="?" file="5E123A"/>
  <model name="?" file="5E134A"/>
  <model name="?" file="5EA542"/>
  <model name="?" file="5EAB2A"/>
  <model name="?" file="5EAFC4"/>
  <model name="?" file="5EC09E"/>
  <model name="?" file="5ECA58"/>
  <model name="?" file="5FCF30"/>
  <model name="?" file="5FF100"/>
  <model name="?" file="5FF16C"/>
  <model name="?" file="5FF834"/>
  <model name="?" file="600204"/>
  <model name="?" file="600BAE"/>
  <model name="?" file="6017D4"/>
  <model name="?" file="601FF8"/>
  <model name="?" file="6022B0"/>
  <model name="?" file="602B2E"/>
  <model name="?" file="6033DC"/>
  <model name="?" file="603E80"/>
  <model name="?" file="604554"/>
  <model name="?" file="604822"/>
  <model name="?" file="604D02"/>
  <model name="?" file="605220"/>
  <model name="?" file="60536A"/>
  <model name="?" file="605594"/>
  <model name="?" file="607548"/>
  <model name="?" file="608812"/>
  <model name="?" file="60A05C"/>
  <model name="?" file="60A444"/>
  <model name="?" file="60CF38"/>
  <model name="?" file="60EF96"/>
  <model name="?" file="61071C"/>
  <model name="?" file="610C3A"/>
  <model name="?" file="612C8E"/>
  <model name="?" file="612F36"/>
  <model name="?" file="61670C"/>
  <model name="?" file="618550"/>
  <model name="?" file="618C5E"/>
  <model name="?" file="61929C"/>
  <model name="?" file="619D12"/>
  <model name="?" file="61A54A"/>
  <model name="?" file="61C0A8"/>
  <model name="?" file="61CA52"/>
  <model name="?" file="61CCF4"/>
  <model name="?" file="61DEC8"/>
  <model name="?" file="61F4F0"/>
  <model name="?" file="6208F4"/>
  <model name="?" file="6235F6"/>
  <model name="?" file="6243DE"/>
  <model name="?" file="6248BA"/>
  <model name="?" file="626E52"/>
  <model name="?" file="6279FA"/>
  <model name="?" file="62A5EC"/>
  <model name="?" file="62BBB6"/>
  <model name="?" file="62C410"/>
  <model name="?" file="62CCDA"/>
  <model name="?" file="62E5F4"/>
  <model name="?" file="62FC08"/>
  <model name="?" file="63035C"/>
  <model name="?" file="63107E"/>
  <model name="?" file="63224A"/>
  <model name="?" file="633D56"/>
  <model name="?" file="6340F0"/>
  <model name="?" file="636BFA"/>
  <model name="?" file="637030"/>
  <model name="?" file="637E6C"/>
  <model name="?" file="6397EE"/>
  <model name="?" file="63AF68"/>
  <model name="?" file="63C6CA"/>
  <model name="?" file="63C83E"/>
  <model name="?" file="63CDE4"/>
  <model name="?" file="63CE96"/>
  <model name="?" file="63F43E"/>
  <model name="?" file="640438"/>
  <model name="?" file="644A5A"/>
  <model name="?" file="646AFC"/>
  <model name="?" file="66B676"/>
  <model name="?" file="66BD90"/>
  <model name="?" file="66BFD4"/>
  <model name="?" file="66DD06"/>
  <model name="?" file="66FD18"/>
  <model name="?" file="67060E"/>
  <model name="?" file="67D368"/>
  <model name="?" file="67E88C"/>
  <model name="?" file="6811D4"/>
  <model name="?" file="6942FC"/>
  <model name="?" file="694516"/>
  <model name="?" file="695FF2"/>
  <model name="?" file="699B70"/>
  <model name="?" file="69B762"/>
  <model name="?" file="69E8F6"/>
  <model name="?" file="6A135E"/>
  <model name="?" file="6A5C78"/>
  <model name="?" file="6FA45C"/>
  <model name="?" file="6FBAE8"/>
  <model name="?" file="71EF04"/>
  <model name="?" file="720238"/>
  <model name="?" file="72039C"/>
  <model name="?" file="72237C"/>
  <model name="?" file="72DBCC"/>
  <model name="?" file="72DE34"/>
  <model name="?" file="72E006"/>
  <model name="?" file="72E324"/>
  <model name="?" file="739E64"/>
  <model name="?" file="73BEE4"/>
  <model name="?" file="73C14A"/>
  <model name="?" file="73C3CC"/>
  <model name="?" file="73D01A"/>
  <model name="?" file="73E952"/>
  <model name="?" file="7407F4"/>
  <model name="?" file="7415FC"/>
  <model name="?" file="7438FA"/>
  <model name="?" file="77CB02"/>
  <model name="?" file="77F22C"/>
  <model name="?" file="780FE8"/>
  <model name="?" file="782326"/>
  <model name="?" file="7827A4"/>
  <model name="?" file="782A2C"/>
  <model name="?" file="785A24"/>
  <model name="?" file="7865EA"/>
  <model name="?" file="787CA0"/>
  <model name="?" file="789820"/>
  <model name="?" file="78B3A6"/>
  <model name="?" file="78BE0C"/>
  <model name="?" file="78D58C"/>
  <model name="?" file="78F126"/>
  <model name="?" file="78FE9A"/>
  <model name="?" file="793212"/>
  <model name="?" file="7BC54C"/>
  <model name="?" file="7BD2FA"/>
  <model name="?" file="7BDC04"/>
  <model name="?" file="7BE552"/>
  <model name="?" file="7BE604"/>
  <model name="?" file="7D1886"/>
  <model name="?" file="7D1CBE"/>
  <model name="?" file="7D2A86"/>
  <model name="?" file="7D43C6"/>
  <model name="?" file="7D5A96"/>
  <model name="?" file="7E0A00"/>
  <model name="?" file="7E2750"/>
  <model name="?" file="7E27C6"/>
  <model name="?" file="7E4250"/>
  <model name="?" file="7E4EEA"/>
  <model name="?" file="7E5DA0"/>
  <model name="?" file="7E69C8"/>
  <model name="?" file="7E78C2"/>
  <model name="?" file="7E80F6"/>
  <model name="?" file="7E8A24"/>
  <model name="?" file="7E9EAA"/>
  <model name="?" file="7EB024"/>
  <model name="?" file="7EB466"/>
  <model name="?" file="7EBCB2"/>
  <model name="?" file="7EC0A2"/>
  <model name="?" file="7EC30E"/>
  <model name="?" file="7ED78C"/>
  <model name="?" file="7EDC16"/>
  <model name="?" file="7EF684"/>
  <model name="?" file="7F162E"/>
  <model name="?" file="7F1890"/>
  <model name="?" file="7F1BF2"/>
  <model name="?" file="7F4350"/>
  <model name="?" file="7F5AB6"/>
  <model name="?" file="7F68B8"/>
  <model name="?" file="7F6BAC"/>
  <model name="?" file="7F953A"/>
  <model name="?" file="7F9A50"/>
  <model name="?" file="7FC18E"/>
  <model name="?" file="7FEE22"/>
  <model name="?" file="7FF8C6"/>
  <model name="?" file="80006E"/>
  <model name="?" file="8012C6"/>
  <model name="?" file="8024DE"/>
  <model name="?" file="803D9E"/>
  <model name="?" file="804F9C"/>
  <model name="?" file="805F22"/>
  <model name="?" file="806BF4"/>
  <model name="?" file="8081A2"/>
  <model name="?" file="80885C"/>
  <model name="?" file="80BFBC"/>
  <model name="?" file="80CD50"/>
  <model name="?" file="80D700"/>
  <model name="?" file="8109F6"/>
  <model name="?" file="8116E4"/>
  <model name="?" file="8148FC"/>
  <model name="?" file="8161C2"/>
  <model name="?" file="816734"/>
  <model name="?" file="8178AC"/>
  <model name="?" file="8197EC"/>
  <model name="?" file="81A952"/>
  <model name="?" file="81BA32"/>
  <model name="?" file="81C564"/>
  <model name="?" file="81DD94"/>
  <model name="?" file="81FB00"/>
  <model name="?" file="81FDF2"/>
  <model name="?" file="8233A4"/>
  <model name="?" file="823668"/>
  <model name="?" file="823F84"/>
  <model name="?" file="825A26"/>
  <model name="?" file="826F44"/>
  <model name="?" file="828450"/>
  <model name="?" file="828E60"/>
  <model name="?" file="82AB4C"/>
  <model name="?" file="82AC4A"/>
  <model name="?" file="82AD98"/>
  <model name="?" file="82AE74"/>
  <model name="?" file="82AF00"/>
  <model name="?" file="82AF8C"/>
  <model name="?" file="82B040"/>
  <model name="?" file="82B390"/>
  <model name="?" file="82B442"/>
  <model name="?" file="82B4FA"/>
  <model name="?" file="82B6CC"/>
  <model name="?" file="82BE8C"/>
  <model name="?" file="82BF40"/>
  <model name="?" file="82C02A"/>
  <model name="?" file="82C440"/>
  <model name="?" file="82C826"/>
  <model name="?" file="82CF7A"/>
  <model name="?" file="82D280"/>
  <model name="?" file="82D340"/>
  <model name="?" file="82DB00"/>
  <model name="?" file="82DDE8"/>
  <model name="?" file="82E728"/>
  <model name="?" file="82ED26"/>
  <model name="?" file="831DF6"/>
  <model name="?" file="831EB6"/>
  <model name="?" file="831F74"/>
  <model name="?" file="832034"/>
  <model name="?" file="8320F4"/>
  <model name="?" file="832A10"/>
  <model name="?" file="833010"/>
  <model name="?" file="8330D0"/>
  <model name="?" file="83318E"/>
  <model name="?" file="83378A"/>
  <model name="?" file="833D12"/>
  <model name="?" file="833DD2"/>
  <model name="?" file="83434A"/>
  <model name="?" file="834C8E"/>
  <model name="?" file="834D52"/>
  <model name="?" file="83556E"/>
  <model name="?" file="83561C"/>
  <model name="?" file="8356AA"/>
  <model name="?" file="835A78"/>
  <model name="?" file="835C94"/>
  <model name="?" file="8361EA"/>
  <model name="?" file="8363BA"/>
  <model name="?" file="8367B2"/>
  <model name="?" file="83684A"/>
  <model name="?" file="836CBA"/>
  <model name="?" file="836D4C"/>
  <model name="?" file="836DDE"/>
  <model name="?" file="836E72"/>
  <model name="?" file="836F02"/>
  <model name="?" file="836F94"/>
  <model name="?" file="8370B6"/>
  <model name="?" file="83714A"/>
  <model name="?" file="8373D8"/>
  <model name="?" file="837510"/>
  <model name="?" file="83784A"/>
  <model name="?" file="8378EA"/>
  <model name="?" file="837AE8"/>
  <model name="?" file="8382FA"/>
  <model name="?" file="838512"/>
  <model name="?" file="8385CC"/>
  <model name="?" file="83868C"/>
  <model name="?" file="838C96"/>
  <model name="?" file="8392C8"/>
  <model name="?" file="839920"/>
  <model name="?" file="839F40"/>
  <model name="?" file="83A102"/>
  <model name="?" file="83A2DA"/>
  <model name="?" file="83A7EE"/>
  <model name="?" file="83B06E"/>
  <model name="?" file="83B732"/>
  <model name="?" file="83BD92"/>
  <model name="?" file="83C4CC"/>
  <model name="?" file="83C79C"/>
  <model name="?" file="83D344"/>
  <model name="?" file="83D62C"/>
  <model name="?" file="83EDCA"/>
  <model name="?" file="83F5B8"/>
  <model name="?" file="83F80E"/>
  <model name="?" file="83FA50"/>
  <model name="?" file="83FDFE"/>
  <model name="?" file="8413EE"/>
  <model name="?" file="842B20"/>
  <model name="?" file="842D96"/>
  <model name="?" file="843094"/>
  <model name="?" file="8433F0"/>
  <model name="?" file="843BDE"/>
  <model name="?" file="8443DA"/>
  <model name="?" file="844DA4"/>
  <model name="?" file="8450AC"/>
  <model name="?" file="845588"/>
  <model name="?" file="845B30"/>
  <model name="?" file="846296"/>
  <model name="?" file="84679A"/>
  <model name="?" file="846C9E"/>
  <model name="?" file="846EB4"/>
  <model name="?" file="846F78"/>
  <model name="?" file="84705E"/>
  <model name="?" file="847B00"/>
  <model name="?" file="847BBE"/>
  <model name="?" file="847F46"/>
  <model name="?" file="8482D0"/>
  <model name="?" file="848658"/>
  <model name="?" file="8489E0"/>
  <model name="?" file="848D68"/>
  <model name="?" file="84914A"/>
  <model name="?" file="849208"/>
  <model name="?" file="84B584"/>
  <model name="?" file="84BCA6"/>
  <model name="?" file="84C3E2"/>
  <model name="?" file="84C860"/>
  <model name="?" file="84CECC"/>
  <model name="?" file="84D04E"/>
  <model name="?" file="84D394"/>
  <model name="?" file="84D608"/>
  <model name="?" file="84D842"/>
  <model name="?" file="84DA2E"/>
  <model name="?" file="84DC2C"/>
  <model name="?" file="84DE58"/>
  <model name="?" file="84E0D6"/>
  <model name="?" file="84E356"/>
  <model name="?" file="84E5D6"/>
  <model name="?" file="84E8FA"/>
  <model name="?" file="84EC1C"/>
  <model name="?" file="84EF44"/>
  <model name="?" file="84F266"/>
  <model name="?" file="84F58C"/>
  <model name="?" file="84F74E"/>
  <model name="?" file="84F912"/>
  <model name="?" file="84FAD8"/>
  <model name="?" file="84FC9C"/>
  <model name="?" file="84FF34"/>
  <model name="?" file="850244"/>
  <model name="?" file="8507DE"/>
  <model name="?" file="8515D8"/>
  <model name="?" file="851EF0"/>
  <model name="?" file="85229A"/>
  <model name="?" file="852360"/>
  <model name="?" file="8526D4"/>
  <model name="?" file="85295C"/>
  <model name="?" file="853C34"/>
  <model name="?" file="853EAC"/>
  <model name="?" file="8544C6"/>
  <model name="?" file="854F3C"/>
  <model name="?" file="85534C"/>
  <model name="?" file="85567C"/>
  <model name="?" file="855A88"/>
  <model name="?" file="855DB2"/>
  <model name="?" file="85722C"/>
  <model name="?" file="857C1C"/>
  <model name="?" file="85806C"/>
  <model name="?" file="858378"/>
  <model name="?" file="8584EC"/>
  <model name="?" file="858904"/>
  <model name="?" file="858C50"/>
  <model name="?" file="858EA4"/>
  <model name="?" file="8590FC"/>
  <model name="?" file="859318"/>
  <model name="?" file="8597AE"/>
  <model name="?" file="859A0A"/>
  <model name="?" file="859D3E"/>
  <model name="?" file="85A114"/>
  <model name="?" file="85AB16"/>
  <model name="?" file="85AC84"/>
  <model name="?" file="85AFEA"/>
  <model name="?" file="85B616"/>
  <model name="?" file="85B9F6"/>
  <model name="?" file="85C484"/>
  <model name="?" file="85C84E"/>
  <model name="?" file="85CA16"/>
  <model name="?" file="85CC2E"/>
  <model name="?" file="85CE48"/>
  <model name="?" file="85D062"/>
  <model name="?" file="85D222"/>
  <model name="?" file="85D492"/>
  <model name="?" file="85D6FE"/>
  <model name="?" file="85D96A"/>
  <model name="?" file="85DBD4"/>
  <model name="?" file="85DE40"/>
  <model name="?" file="85E278"/>
  <model name="?" file="85E500"/>
  <model name="?" file="85E874"/>
  <model name="?" file="85F2BC"/>
  <model name="?" file="85F61A"/>
  <model name="?" file="85FD4C"/>
  <model name="?" file="85FF86"/>
  <model name="?" file="860046"/>
  <model name="?" file="86026A"/>
  <model name="?" file="860780"/>
  <model name="?" file="860C3C"/>
  <model name="?" file="861152"/>
  <model name="?" file="861666"/>
  <model name="?" file="8618D8"/>
  <model name="?" file="861BA8"/>
  <model name="?" file="861E14"/>
  <model name="?" file="862116"/>
  <model name="?" file="8623E4"/>
  <model name="?" file="8626E4"/>
  <model name="?" file="8629E6"/>
  <model name="?" file="862CB8"/>
  <model name="?" file="862F88"/>
  <model name="?" file="86325C"/>
  <model name="?" file="86352C"/>
  <model name="?" file="86379E"/>
  <model name="?" file="863AA2"/>
  <model name="?" file="863D14"/>
  <model name="?" file="863FE8"/>
  <model name="?" file="864254"/>
  <model name="?" file="864526"/>
  <model name="?" file="865092"/>
  <model name="?" file="865430"/>
  <model name="?" file="8657B8"/>
  <model name="?" file="865A8E"/>
  <model name="?" file="865FAE"/>
  <model name="?" file="86638E"/>
  <model name="?" file="86676E"/>
  <model name="?" file="866B4E"/>
  <model name="?" file="866C98"/>
  <model name="?" file="866DE0"/>
  <model name="?" file="867318"/>
  <model name="?" file="86786A"/>
  <model name="?" file="867DC4"/>
  <model name="?" file="86832A"/>
  <model name="?" file="8686B6"/>
  <model name="?" file="868908"/>
  <model name="?" file="868BC2"/>
  <model name="?" file="868CF6"/>
  <model name="?" file="869112"/>
  <model name="?" file="86927C"/>
  <model name="?" file="8693E4"/>
  <model name="?" file="869A28"/>
  <model name="?" file="86A1DE"/>
  <model name="?" file="86A822"/>
  <model name="?" file="86A9FE"/>
  <model name="?" file="86ABDE"/>
  <model name="?" file="86ADCC"/>
  <model name="?" file="86B02A"/>
  <model name="?" file="86B288"/>
  <model name="?" file="86BE46"/>
  <model name="?" file="86C984"/>
  <model name="?" file="86DFCE"/>
  <model name="?" file="86E2C8"/>
  <model name="?" file="86E5C2"/>
  <model name="?" file="86E8CA"/>
  <model name="?" file="86EBC6"/>
  <model name="?" file="86EED8"/>
  <model name="?" file="86F46C"/>
  <model name="?" file="8702C6"/>
  <model name="?" file="8706B6"/>
  <model name="?" file="870AC8"/>
  <model name="?" file="870EF6"/>
  <model name="?" file="871480"/>
  <model name="?" file="873816"/>
  <model name="?" file="873B24"/>
  <model name="?" file="873BDE"/>
  <model name="?" file="873C96"/>
  <model name="?" file="874A72"/>
  <model name="?" file="874DCE"/>
  <model name="?" file="87500C"/>
  <model name="?" file="875CD2"/>
  <model name="?" file="8762B4"/>
  <model name="?" file="8765EE"/>
  <model name="?" file="876926"/>
  <model name="?" file="87708C"/>
  <model name="?" file="87782E"/>
  <model name="?" file="878EC4"/>
  <model name="?" file="879272"/>
  <model name="?" file="879610"/>
  <model name="?" file="8799AC"/>
  <model name="?" file="879D48"/>
  <model name="?" file="87A482"/>
  <model name="?" file="87ABBE"/>
  <model name="?" file="87B2FA"/>
  <model name="?" file="87B68C"/>
  <model name="?" file="87BA28"/>
  <model name="?" file="87BDBC"/>
  <model name="?" file="87C14E"/>
  <model name="?" file="87C58A"/>
  <model name="?" file="87C97C"/>
  <model name="?" file="87CD90"/>
  <model name="?" file="87D734"/>
  <model name="?" file="87DED6"/>
  <model name="?" file="87E07E"/>
  <model name="?" file="87E1BE"/>
  <model name="?" file="87F5B2"/>
  <model name="?" file="87F81E"/>
  <model name="?" file="87F9CE"/>
  <model name="?" file="87FA8C"/>
  <model name="?" file="87FB48"/>
  <model name="?" file="87FC06"/>
  <model name="?" file="87FCC6"/>
  <model name="?" file="87FFFC"/>
  <model name="?" file="880240"/>
  <model name="?" file="88046A"/>
  <model name="?" file="8808E6"/>
  <model name="?" file="880C6A"/>
  <model name="?" file="880FEE"/>
  <model name="?" file="881372"/>
  <model name="?" file="8816F6"/>
  <model name="?" file="881A7A"/>
  <model name="?" file="881E02"/>
  <model name="?" file="88218A"/>
  <model name="?" file="882512"/>
  <model name="?" file="88289A"/>
  <model name="?" file="882C22"/>
  <model name="?" file="882DAA"/>
  <model name="?" file="8832D6"/>
  <model name="?" file="88365E"/>
  <model name="?" file="88390A"/>
  <model name="?" file="883C56"/>
  <model name="?" file="883FA2"/>
  <model name="?" file="8842EE"/>
  <model name="?" file="8844A8"/>
  <model name="?" file="884636"/>
  <model name="?" file="884A12"/>
  <model name="?" file="884DEE"/>
  <model name="?" file="8851CA"/>
  <model name="?" file="8854A2"/>
  <model name="?" file="885770"/>
  <model name="?" file="885CFE"/>
  <model name="?" file="885F44"/>
  <model name="?" file="886176"/>
  <model name="?" file="88626E"/>
  <model name="?" file="88647A"/>
  <model name="?" file="886D6E"/>
  <model name="?" file="886FF0"/>
  <model name="?" file="887714"/>
  <model name="?" file="887E9C"/>
  <model name="?" file="888C8E"/>
  <model name="?" file="888E70"/>
  <model name="?" file="889066"/>
  <model name="?" file="8891EA"/>
  <model name="?" file="889908"/>
  <model name="?" file="889A78"/>
  <model name="?" file="889CA4"/>
  <model name="?" file="88A398"/>
  <model name="?" file="88B0FC"/>
  <model name="?" file="88B3A0"/>
  <model name="?" file="88B622"/>
  <model name="?" file="88B9AE"/>
  <model name="?" file="88BC50"/>
  <model name="?" file="88C8EC"/>
  <model name="?" file="88CC88"/>
  <model name="?" file="88CE42"/>
  <model name="?" file="88CFFE"/>
  <model name="?" file="88D1A6"/>
  <model name="?" file="88D364"/>
  <model name="?" file="88D50C"/>
  <model name="?" file="88D6C8"/>
  <model name="?" file="88D86E"/>
  <model name="?" file="88DA18"/>
  <model name="?" file="88DBD6"/>
  <model name="?" file="88DD7E"/>
  <model name="?" file="88DF44"/>
  <model name="?" file="88E31A"/>
  <model name="?" file="88E7B8"/>
  <model name="?" file="88EBBE"/>
  <model name="?" file="88EF9A"/>
  <model name="?" file="88F234"/>
  <model name="?" file="88F4D2"/>
  <model name="?" file="88F772"/>
  <model name="?" file="88FA12"/>
  <model name="?" file="88FCAA"/>
  <model name="?" file="89007C"/>
  <model name="?" file="890450"/>
  <model name="?" file="890824"/>
  <model name="?" file="890BF6"/>
  <model name="?" file="890FCA"/>
  <model name="?" file="891202"/>
  <model name="?" file="8914F4"/>
  <model name="?" file="891968"/>
  <model name="?" file="891A9C"/>
  <model name="?" file="891D74"/>
  <model name="?" file="892064"/>
  <model name="?" file="892242"/>
  <model name="?" file="892776"/>
  <model name="?" file="892CAA"/>
  <model name="?" file="8931DE"/>
  <model name="?" file="893712"/>
  <model name="?" file="893C46"/>
  <model name="?" file="8942F0"/>
  <model name="?" file="894C08"/>
  <model name="?" file="89532C"/>
  <model name="?" file="895568"/>
  <model name="?" file="895C26"/>
  <model name="?" file="895F64"/>
  <model name="?" file="8960AC"/>
  <model name="?" file="896476"/>
  <model name="?" file="896534"/>
  <model name="?" file="89699C"/>
  <model name="?" file="896B40"/>
  <model name="?" file="896CDE"/>
  <model name="?" file="896EFC"/>
  <model name="?" file="8971EC"/>
  <model name="?" file="897452"/>
  <model name="?" file="897748"/>
  <model name="?" file="897808"/>
  <model name="?" file="8978C8"/>
  <model name="?" file="89795E"/>
  <model name="?" file="897A22"/>
  <model name="?" file="897E92"/>
  <model name="?" file="898502"/>
  <model name="?" file="898968"/>
  <model name="?" file="898B72"/>
  <model name="?" file="898CEE"/>
  <model name="?" file="8992CA"/>
  <model name="?" file="899590"/>
  <model name="?" file="899B08"/>
  <model name="?" file="899E72"/>
  <model name="?" file="89A5D2"/>
  <model name="?" file="89A7E8"/>
  <model name="?" file="89A886"/>
  <model name="?" file="89A918"/>
  <model name="?" file="89A9AA"/>
  <model name="?" file="89AA3C"/>
  <model name="?" file="89AADE"/>
  <model name="?" file="89AB72"/>
  <model name="?" file="89AC04"/>
  <model name="?" file="89ACA6"/>
  <model name="?" file="89AD3A"/>
  <model name="?" file="89ADD8"/>
  <model name="?" file="89AE6A"/>
  <model name="?" file="89AEFC"/>
  <model name="?" file="89AF8E"/>
  <model name="?" file="89B020"/>
  <model name="?" file="89B0B2"/>
  <model name="?" file="89B144"/>
  <model name="?" file="89B1D4"/>
  <model name="?" file="89B266"/>
  <model name="?" file="89B2F8"/>
  <model name="?" file="89B92A"/>
  <model name="?" file="89BDA4"/>
  <model name="?" file="89C342"/>
  <model name="?" file="89C584"/>
  <model name="?" file="89C96C"/>
  <model name="?" file="89CD5E"/>
  <model name="?" file="89CF8A"/>
  <model name="?" file="89D1B0"/>
  <model name="?" file="89D556"/>
  <model name="?" file="89D7A2"/>
  <model name="?" file="89DA60"/>
  <model name="?" file="89DD1E"/>
  <model name="?" file="89DED0"/>
  <model name="?" file="89E264"/>
  <model name="?" file="89E410"/>
  <model name="?" file="89E6BE"/>
  <model name="?" file="89F094"/>
  <model name="?" file="89F528"/>
  <model name="?" file="89FABC"/>
  <model name="?" file="89FF6C"/>
  <model name="?" file="8A002E"/>
  <model name="?" file="8A00EE"/>
  <model name="?" file="8A01B0"/>
  <model name="?" file="8A0272"/>
  <model name="?" file="8A030E"/>
  <model name="?" file="8A1CDA"/>
  <model name="?" file="8A41B4"/>
  <model name="?" file="8A4596"/>
  <model name="?" file="8A49B0"/>
  <model name="?" file="8A4C92"/>
  <model name="?" file="8A500E"/>
  <model name="?" file="8A53FA"/>
  <model name="?" file="8A57E8"/>
  <model name="?" file="8A5BD4"/>
  <model name="?" file="8A5FC2"/>
  <model name="?" file="8A63B0"/>
  <model name="?" file="8A671E"/>
  <model name="?" file="8A6AD8"/>
  <model name="?" file="8A6E80"/>
  <model name="?" file="8A7222"/>
  <model name="?" file="8A74B2"/>
  <model name="?" file="8A7886"/>
  <model name="?" file="8A7AA0"/>
  <model name="?" file="8A7C82"/>
  <model name="?" file="8A7E0E"/>
  <model name="?" file="8A8160"/>
  <model name="?" file="8A9242"/>
  <model name="?" file="8A97B2"/>
  <model name="?" file="8A9D08"/>
  <model name="?" file="8AA49A"/>
  <model name="?" file="8AAA50"/>
  <model name="?" file="8AB4B4"/>
  <model name="?" file="8AB876"/>
  <model name="?" file="8ABAD6"/>
  <model name="?" file="8ABD36"/>
  <model name="?" file="8ABF96"/>
  <model name="?" file="8AC5A8"/>
  <model name="?" file="8ACBBA"/>
  <model name="?" file="8AD1CE"/>
  <model name="?" file="8AD402"/>
  <model name="?" file="8ADA4E"/>
  <model name="?" file="8AE6EE"/>
  <model name="?" file="8AF80C"/>
  <model name="?" file="8AFF90"/>
  <model name="?" file="8B0144"/>
  <model name="?" file="8B0482"/>
  <model name="?" file="8B0856"/>
  <model name="?" file="8B0C2A"/>
  <model name="?" file="8B1350"/>
  <model name="?" file="8B158E"/>
  <model name="?" file="8B1C4C"/>
  <model name="?" file="8B1D6E"/>
  <model name="?" file="8B1FF2"/>
  <model name="?" file="8B2336"/>
  <model name="?" file="8B261C"/>
  <model name="?" file="8B3032"/>
  <model name="?" file="8B5122"/>
  <model name="?" file="8B53D4"/>
  <model name="?" file="8B563E"/>
  <model name="?" file="8B5CC0"/>
  <model name="?" file="8B5DD0"/>
  <model name="?" file="8B62E8"/>
  <model name="?" file="8B675E"/>
  <model name="?" file="8B692E"/>
  <model name="?" file="8B6EC2"/>
  <model name="?" file="8B7066"/>
  <model name="?" file="8B73DE"/>
  <model name="?" file="8B7756"/>
  <model name="?" file="8B7ACE"/>
  <model name="?" file="8B7E48"/>
  <model name="?" file="8B811E"/>
  <model name="?" file="8B85B4"/>
  <model name="?" file="8B8C96"/>
  <model name="?" file="8B96DA"/>
  <model name="?" file="8B99D4"/>
  <model name="?" file="8B9EE0"/>
  <model name="?" file="8BA3C4"/>
  <model name="?" file="8BA8A8"/>
  <model name="?" file="8BACE4"/>
  <model name="?" file="8BB0F0"/>
  <model name="?" file="8BB338"/>
  <model name="?" file="8BB502"/>
  <model name="?" file="8BB7C8"/>
  <model name="?" file="8BBE3C"/>
  <model name="?" file="8BC532"/>
  <model name="?" file="8BC9BC"/>
  <model name="?" file="8BCCE8"/>
  <model name="?" file="8BCF90"/>
  <model name="?" file="8BD30E"/>
  <model name="?" file="8BD9D8"/>
  <model name="?" file="8C71B4"/>
  <model name="?" file="8C7558"/>
  <model name="?" file="8C78FE"/>
  <model name="?" file="8C7CA4"/>
  <model name="?" file="8C804A"/>
  <model name="?" file="8C8228"/>
  <model name="?" file="8C90F4"/>
  <model name="?" file="8C9348"/>
  <model name="?" file="8C959E"/>
  <model name="?" file="8C97F2"/>
  <model name="?" file="8C9A4E"/>
  <model name="?" file="8C9ECC"/>
  <model name="?" file="8CA0EC"/>
  <model name="?" file="8CA7E8"/>
  <model name="?" file="8CABA0"/>
  <model name="?" file="8CB03E"/>
  <model name="?" file="8CB1FA"/>
  <model name="?" file="8CBC76"/>
  <model name="?" file="8CC116"/>
  <model name="?" file="8CC5B6"/>
  <model name="?" file="8CC7C2"/>
  <model name="?" file="8CCC04"/>
  <model name="?" file="8CDAAE"/>
  <model name="?" file="8CDD70"/>
  <model name="?" file="8CDFC4"/>
  <model name="?" file="8CE784"/>
  <model name="?" file="8CE9A2"/>
  <model name="?" file="8CF236"/>
  <model name="?" file="8CF36E"/>
  <model name="?" file="8CFB5E"/>
  <model name="?" file="8CFF6E"/>
  <model name="?" file="8D0F46"/>
  <model name="?" file="8D1408"/>
  <model name="?" file="8D15A8"/>
  <model name="?" file="8D1ED4"/>
  <model name="?" file="8D27AC"/>
  <model name="?" file="8D2A38"/>
  <model name="?" file="8D2BFA"/>
  <model name="?" file="8D2DB0"/>
  <model name="?" file="8D33CC"/>
  <model name="?" file="8D532C"/>
  <model name="?" file="8D7148"/>
  <model name="?" file="8D862E"/>
  <model name="?" file="8DABEC"/>
  <model name="?" file="8DC402"/>
  <model name="?" file="8DE59E"/>
  <model name="?" file="8E09F0"/>
  <model name="?" file="8E1E0A"/>
  <model name="?" file="8E40DE"/>
  <model name="?" file="8E6566"/>
  <model name="?" file="8E7D3E"/>
  <model name="?" file="8EA06C"/>
  <model name="?" file="8EC3E8"/>
  <model name="?" file="8EE76A"/>
  <model name="?" file="8EFC64"/>
  <model name="?" file="8F1EA2"/>
  <model name="?" file="8F3E7A"/>
  <model name="?" file="8F5E76"/>
  <model name="?" file="8F7E54"/>
  <model name="?" file="8F93BC"/>
  <model name="?" file="8FA48A"/>
  <model name="?" file="8FAD7C"/>
  <model name="?" file="8FC3F6"/>
  <model name="?" file="8FD880"/>
  <model name="?" file="8FE032"/>
  <model name="?" file="8FEA80"/>
  <model name="?" file="8FF49E"/>
  <model name="?" file="8FFF3E"/>
</models>