<animations>
  <animation id="0000" name="?" offset="0"/>
  <animation id="0001" name="BK - Z Crouch" offset="0" modelpointer="62a"/>
  <animation id="0002" name="BK - Creep" offset="0" modelpointer="62a"/>
  <animation id="0003" name="BK - Slow Walk" offset="0" modelpointer="62a"/>
  <animation id="0004" name="BK - ?" offset="0" modelpointer="62a"/>
  <animation id="0005" name="BK - Rat a Tap Rap" offset="0" modelpointer="62a"/>
  <animation id="0006" name="BK - Grip Grap" offset="0" modelpointer="62a"/>
  <animation id="0007" name="BK - Talon Trot End" offset="0" modelpointer="62a"/>
  <animation id="0008" name="BK - Jump" offset="0" modelpointer="62a"/>
  <animation id="0009" name="BK - Death" offset="0" modelpointer="62a"/>
  <animation id="000A" name="BK - Climb" offset="0" modelpointer="62a"/>
  <animation id="000B" name="BK - Creep" offset="0" modelpointer="62a"/>
  <animation id="000C" name="BK - Banjo Run" offset="0" modelpointer="62a"/>
  <animation id="000D" name="BK - Grip Grab Attack" offset="0" modelpointer="62a"/>
  <animation id="000E" name="BK - Quick Turn" offset="0" modelpointer="62a"/>
  <animation id="000F" name="BK - Backflip" offset="0" modelpointer="62a"/>
  <animation id="0011" name="BK - Wonderwing Run" offset="0" modelpointer="62a"/>
  <animation id="0012" name="BK - Grip Grab Climb Up" offset="0" modelpointer="62a"/>
  <animation id="0013" name="BK - Grip Grab" offset="0" modelpointer="62a"/>
  <animation id="0014" name="BK - Swimming hit" offset="0" modelpointer="62a"/>
  <animation id="0015" name="BK - Tallon Trot Running" offset="0" modelpointer="62a"/>
  <animation id="0016" name="BK - Talon Trot Start" offset="0" modelpointer="62a"/>
  <animation id="0017" name="BK - Flip Flap End" offset="0" modelpointer="62a"/>
  <animation id="0018" name="BK - ?" offset="0" modelpointer="62a"/>
  <animation id="0019" name="BK - Rat A Tap Rap" offset="0" modelpointer="62a"/>
  <animation id="001A" name="BK - Rat A Tap Start" offset="0" modelpointer="62a"/>
  <animation id="001B" name="BK - Wonderwing Jump" offset="0" modelpointer="62a"/>
  <animation id="001C" name="BK - Beak Bardge" offset="0" modelpointer="62a"/>
  <animation id="001D" name="BK - ?" offset="0" modelpointer="62a"/>
  <animation id="001E" name="BK - Grip Grab Attack" offset="0" modelpointer="62a"/>
  <animation id="001F" name="BK - not sure" offset="0" modelpointer="62a"/>
  <animation id="0020" name="BK - Breegull Bash" offset="0" modelpointer="62a"/>
  <animation id="0021" name="BK - ??Maybe part of Bash wrong model maybe" offset="0" />
  <animation id="0022" name="BK - Wonderwing Start" offset="0" modelpointer="62a"/>
  <animation id="0023" name="BK - Wonderwing Idle" offset="0" modelpointer="62a"/>
  <animation id="0024" name="BK - ?" offset="0"/>
  <animation id="0026" name="BK - Talon Trot Idle" offset="0" modelpointer="62a"/>
  <animation id="0027" name="BK - Talon Trot Jump" offset="0" modelpointer="62a"/>
  <animation id="0028" name="BK - Carrying" offset="0" modelpointer="62a"/>
  <animation id="0029" name="BK - Drown" offset="0" modelpointer="62a"/>
  <animation id="002A" name="BK - Kazooie Shoot's Egg (front)" offset="0" modelpointer="62a"/>
  <animation id="002B" name="BK - Kazooie Shoot's Egg (rear)" offset="0" modelpointer="62a"/>
  <animation id="002C" name="BK - Wave?" offset="0" />
  <animation id="002D" name="BK - Wave?" offset="0" />
  <animation id="002E" name="BK - Jiggy Get" offset="0" modelpointer="62a"/>
  <animation id="0035" name="BK - Flying" offset="0" modelpointer="62a"/>
  <animation id="0037" name="BK - Flying" offset="0" modelpointer="62a"/>
  <animation id="0038" name="BK - Flying" offset="0" modelpointer="62a"/>
  <animation id="0039" name="BK - Swimming Paddle" offset="0" modelpointer="62a"/>
  <animation id="003B" name="BK - Dive" offset="0" modelpointer="62a"/>
  <animation id="003C" name="BK - Dive" offset="0" modelpointer="62a"/>
  <animation id="003D" name="BK - Spring Jump?" offset="0" modelpointer="62a"/>
  <animation id="003E" name="BK - Not sure" offset="0" modelpointer="62a"/>
  <animation id="003F" name="BK - Swimming Stroke" offset="0" modelpointer="62a"/>
  <animation id="0040" name="BK - Boots Begin" offset="0" modelpointer="62a"/>
  <animation id="0041" name="BK - Boots Idle" offset="0" modelpointer="62a"/>
  <animation id="0042" name="BK - Boots Walk" offset="0" modelpointer="62a"/>
  <animation id="0043" name="BK - Beak Bomb Start" offset="0" modelpointer="62a"/>
  <animation id="0044" name="BK - Talon Trot (banjo covers eyes?)" offset="0" modelpointer="62a"/>
  <animation id="0045" name="BK - Flying Start" offset="0" modelpointer="62a"/>
  <animation id="0046" name="BK - Hit?" offset="0" modelpointer="62a"/>
  <animation id="0047" name="BK - Beak Bomb" offset="0" modelpointer="62a"/>
  <animation id="0048" name="BK - Spring Jump" offset="0" modelpointer="62a"/>
  <animation id="0049" name="BK - Spring Jump" offset="0" modelpointer="62a"/>
  <animation id="004B" name="BK - Back Flip" offset="0" modelpointer="62a"/>
  <animation id="004C" name="BK - Falling" offset="0" modelpointer="62a"/>
  <animation id="004D" name="BK - Hit" offset="0" modelpointer="62a"/>
  <animation id="004E" name="BK - Not sure" offset="0" modelpointer="62a"/>
  <animation id="004F" name="BK - Also not sure" offset="0" modelpointer="62a"/>
  <animation id="0050" name="BK - Banjo Talking" offset="0" modelpointer="62a"/>
  <animation id="0051" name="BK - Grip Grab" offset="0" modelpointer="62a"/>
  <animation id="0052" name="BK - Grip Grab Idle" offset="0" modelpointer="62a"/>
  <animation id="0054" name="BeeHive" offset="0" modelpointer="615"/>  
  <animation id="0055" name="BK - Grip Grab Idle 2" offset="0" modelpointer="62a"/>
  <animation id="0056" name="BK - Grip Grab Idle 3" offset="0" modelpointer="62a"/>
  <animation id="0057" name="BK - Treading Water" offset="0" modelpointer="62a"/>
  <animation id="0058" name="BK - Treading Water 2" offset="0" modelpointer="62a"/>
  <animation id="0058" name="BK - Treading Water 3" offset="0" modelpointer="62a"/>
  <animation id="006F" name="BK - Idle" offset="0" modelpointer="62a"/>
  <animation id="0070" name="BK - Swimming" offset="0" modelpointer="62a"/>
  <animation id="0071" name="BK - Swimming" offset="0" modelpointer="62a"/>
  <animation id="0072" name="BK - Carry" offset="0" modelpointer="62a"/>
  <animation id="0073" name="BK - Carry" offset="0" modelpointer="62a"/>
  <animation id="0077" name="BK - Lost" offset="0" modelpointer="62a" />
  <animation id="0077" name="BK - Mincart push" offset="0" modelpointer="62a"/>
  <animation id="0077" name="chstoneballcoach" offset="0" modelpointer="676"/> 
  <animation id="007a" name="Stony NPC" offset="0" modelpointer="6bf"/> 
  <animation id="007b" name="Stony NPC" offset="0" modelpointer="6bf"/>
  <animation id="007c" name="Stony NPC" offset="0" modelpointer="6bf"/>

  <animation id="007d" name="Canary Mary" offset="0" modelpointer="67b"/>
  <animation id="0080" name="Canary Mary" offset="0" modelpointer="67b"/>


  <animation id="0085" name="Canary Mary" offset="0" modelpointer="67b"/>
  <animation id="0087" name="Crusher" offset="0" modelpointer="6b94"/>
  <animation id="0089" name="Canary Mary" offset="0" modelpointer="67b"/>
  <animation id="008A" name="Canary Mary" offset="0" modelpointer="67b"/>
  <animation id="008E" name="Switch Press" offset="0" modelpointer="0" />
  <animation id="0095" name="BK - Idle Kazooie Peck" offset="0" modelpointer="62a"/>
 <animation id="0094" name="Saucer of Peril in Box" offset="0" modelpointer="691" />
   <animation id="0096" name="Saucer of Peril in Box" offset="0" modelpointer="691" />
  <animation id="009B" name="TNT" offset="0" modelpointer="6a1" />
  <animation id="009f" name="Minjy Jonjo" offset="0" modelpointer="665"/>
  <animation id="00B7" name="Moggy,Soggy" offset="0" modelpointer="75a,759" />
  <animation id="00CE" name="Minjy Jonjo" offset="0" modelpointer="665"/>
  <animation id="00CF" name="Minjy Jonjo" offset="0" modelpointer="665"/>
  <animation id="00D0" name="Joe" offset="0" modelpointer="6ad" /> 
  <animation id="00D1" name="Joe" offset="0" modelpointer="6ad" /> 
  <animation id="00D4" name="Super Stash" offset="0" modelpointer="8da" /> 
  <animation id="00D5" name="chcactusofstreng" offset="0" modelpointer="0" /> 
  <animation id="00DC" name="Big Al" modelpointer="6ae" offset="0" />
  <animation id="00DD" name="Big Al" modelpointer="6ae" offset="0" />
  <animation id="00DE" name="Park Employee" modelpointer="6b1" offset="0" />
  <animation id="00DF" name="Park Employee" modelpointer="6b1" offset="0" />
  <animation id="00F6" name="BK - Idle Kazooie Peck End" offset="0" modelpointer="62a"/>
  <animation id="00F8" name="Park Employee" modelpointer="6b1" offset="0" />
  <animation id="00F9" name="Park Employee" modelpointer="6b1" offset="0" />  
  <animation id="00FE" name="Conga" modelpointer="693" offset="0" />
  <animation id="00FF" name="Mrs Boggy - idle" modelpointer="6b7" offset="0" />
  <animation id="0100" name="Fire Imp" modelpointer="6b8" offset="0" />
  <animation id="0101" name="Mrs Boggy - " modelpointer="6b7" offset="0" />
  <animation id="0102" name="Mrs Boggy - " modelpointer="6b7" offset="0" />
  <animation id="0103" name="Mrs Boggy - " modelpointer="6b7" offset="0" />
  <animation id="0104" name="Mrs Boggy - " modelpointer="6b7" offset="0" />
  <animation id="010C" name="BK - Crouch" offset="0" modelpointer="62a"/>
  <animation id="0112" name="Bouncy Castle" offset="0" modelpointer="6bd"/>
  <animation id="0113" name="Phantom" offset="0" modelpointer="6be"/>
  <animation id="0115" name="Pawno" offset="0"  modelpointer="6c3"/>
  <animation id="0116" name="BK - Crouch" offset="0" modelpointer="62a"/>
<animation id="0117" name="Pawno" offset="0"  modelpointer="6c3"/>
<animation id="011b" name="Banjo Throwing something" offset="0" modelpointer="62a"/>
<animation id="0121" name="Banjo puts backpack over head" offset="0" modelpointer="62a"/>
<animation id="0123" name="Worker Rabbit" offset="0" modelpointer="803"/>
<animation id="0143" name="Mr Fit gets in bag" offset="0" />
<animation id="0144" name="Mr Fit in bag" offset="0"/>
<animation id="014b" name="Worker Rabbit" offset="0" modelpointer="803"/>
  <animation id="014c" name="Lost Dinosaur" offset="0" modelpointer="6cc"/>
<animation id="014d" name="Blue Steggosaurus" offset="0" modelpointer="89a,6cc"/>
<animation id="014e" name="Sea Urchin" offset="0" modelpointer="6d2"/>
<animation id="014f" name="Sea Urchin" offset="0" modelpointer="6d2"/>
<animation id="0150" name="Sea Urchin" offset="0" modelpointer="6d2"/>
<animation id="0151" name="Blackeye Normal" offset="0" modelpointer="6d4"/>
<animation id="0152" name="Blackeye Gets up and falls over" offset="0" modelpointer="6d4"/>
<animation id="0153" name="Blackeye Idle on floor" offset="0" modelpointer="6d4"/>
  <animation id="0154" name="Jolly/Merry" offset="0" modelpointer="6d6"/>
  <animation id="0155" name="Jolly/Merry" offset="0" modelpointer="6d6"/>
  <animation id="0156" name="Jolly/Merry" offset="0" modelpointer="6d6"/>
  <animation id="0157" name="Jolly/Merry" offset="0" modelpointer="6d6"/>
  
  
  
  <animation id="015a" name="Fire Imp" modelpointer="6b7" offset="0" />
  <animation id="0164" name="chlilterry" offset="0" modelpointer="6d7"/>
  <animation id="0165" name="chlilterry" offset="0" modelpointer="6d7"/>
  <animation id="0166" name="chlilterry" offset="0" modelpointer="6d7"/>
  <animation id="0167" name="chlilterry" offset="0" modelpointer="6d7"/>
  <animation id="0168" name="chlilterry" offset="0" modelpointer="6d7"/>
<animation id="0169" name="chlilterry" offset="0" modelpointer="6d7"/>
<animation id="016A" name="Stompadon" offset="0" modelpointer="6cd4"/>
  <animation id="0183" name="TipTup" modelpointer="6c8" offset="0" />
  <animation id="0184" name="TipTup" modelpointer="6c8" offset="0" />
  <animation id="0185" name="TipTup" modelpointer="6c8" offset="0" />
  <animation id="0186" name="TipTup" modelpointer="6c8" offset="0" />
  <animation id="0187" name="TipTup" modelpointer="6c8" offset="0" />
  <animation id="0188" name="TipTup" modelpointer="6C8" offset="0" />
  <animation id="0189" name="Fire Imp - tt" modelpointer="6b7,6c8" offset="0" />
  <animation id="018A" name="TipTup" modelpointer="6C8" offset="0" />
  <animation id="018B" name="TipTup" modelpointer="6c8" offset="0" />
<animation id="0190" name="Gruntdactyl - " offset="0" modelpointer="65e"/>
  <animation id="0193" name="Sslumber - " offset="0" modelpointer="65f"/>
  <animation id="0194" name="Sslumber - " offset="0" modelpointer="65f"/>
    <animation id="0195" name="Sslumber - " offset="0" modelpointer="65f"/>
    <animation id="0196" name="Sslumber - " offset="0" modelpointer="65f"/>
<animation id="01a4" name="Snapdragon" offset="0" modelpointer="666"/>
<animation id="01a5" name="Snapdragon" offset="0" modelpointer="666"/>
<animation id="01a6" name="Snapdragon" offset="0" modelpointer="666"/>
<animation id="01a7" name="Moggy(enemy) - Looks left and Right" offset="0" modelpointer="667"/>
<animation id="01a8" name="Moggy(enemy) - Walk Cycle" offset="0" modelpointer="667"/>
<animation id="01a9" name="Moggy(enemy) - Death" offset="0" modelpointer="667"/>
<animation id="01aa" name="Moggy(enemy) - Chase" offset="0" modelpointer="667"/>
<animation id="01ab" name="Snapdragon" offset="0" modelpointer="666"/>
  
  <animation id="01af" name="Minjy Jonjo" offset="0" modelpointer="665"/>
  <animation id="01b0" name="Minjy Jonjo" offset="0" modelpointer="665"/>
  <animation id="01b7" name="Roysten" offset="0" modelpointer="6fa"/>
<animation id="01b8" name="Shovel Enemy" offset="0" modelpointer="66f"/>
<animation id="01b9" name="Shovel Enemy" offset="0" modelpointer="66f"/>
<animation id="01ba" name="Shovel Enemy" offset="0" modelpointer="66f"/>
<animation id="01bb" name="Mucoids (shovel might use also)" offset="0" modelpointer="6dd"/>
<animation id="01bc" name="Mucoids" offset="0" modelpointer="6dd"/>
<animation id="01d4" name="SNS Egg" offset="0" modelpointer="975"/>
<animation id="01d5" name="SNS Egg" offset="0" modelpointer="975"/>
 <animation id="01e6" name="Ugger" offset="0" modelpointer="671"/>
 <animation id="01e7" name="Ugger" offset="0" modelpointer="671"/>
 <animation id="01e8" name="Ugger" offset="0" modelpointer="671"/>
  <animation id="01e9" name="Ugger" offset="0" modelpointer="671"/>
   <animation id="01ea" name="Ugger" offset="0" modelpointer="671"/>
  <animation id="01ed" name="Golden Goliath" offset="0" modelpointer="83e"/>
  <animation id="01ee" name="Golden Goliath" offset="0" modelpointer="83e"/>
<animation id="020b" name="Boxing Glove" offset="0" modelpointer="776"/>
  <animation id="021a" name="Yeehaw " offset="0" modelpointer="789"/>
  <animation id="021b" name="Yeehaw " offset="0" modelpointer="789"/>
  <animation id="021d" name="Yeehaw " offset="0" modelpointer="789"/>
<animation id="0220" name="Cheato" offset="0" modelpointer="787"/>
  <animation id="0221" name="Gobi" offset="0" modelpointer="788"/>
<animation id="0222" name="Gobi" offset="0" modelpointer="788"/>
<animation id="0223" name="Gobi" offset="0" modelpointer="788"/>
  <animation id="0238" name="Loggo" offset="0" modelpointer="63c"/>
  <animation id="023F" name="Boiler Boss" offset="0" modelpointer="64c"/>
  <animation id="0242" name="Soggy" offset="0" modelpointer="759"/>
  <animation id="0243" name="Soggy" offset="0" modelpointer="759"/>
  <animation id="0245" name="Moggy" offset="0" modelpointer="75a"/>
  <animation id="0245" name="Moggy" offset="0" modelpointer="75a"/>
  <animation id="0250" name="Dogems Rider Steer Right" offset="0" modelpointer="6d4"/>
  <animation id="0251" name="Dogems Rider Steer Left" offset="0" modelpointer="6d4"/>
  <animation id="0252" name="Dogems Rider Hit?" offset="0" modelpointer="6d4"/>
  <animation id="0253" name="Dogems Rider Hit?" offset="0" modelpointer="6d4"/>
  <animation id="0254" name="Dogems Rider Hard Left" offset="0" modelpointer="6d4"/>
  <animation id="0255" name="Dogems Rider Hard Right" offset="0" modelpointer="6d4"/>
  <animation id="0256" name="Dogems Rider Idle" offset="0" modelpointer="6d4"/>
  <animation id="0257" name="Klungo Laugh/Hitting Ground " offset="0" modelpointer="707"/>
  <animation id="0259" name="Klungo Laugh/Hitting Ground " offset="0" modelpointer="707"/>
  <animation id="025b" name="Klungo Laugh/Hitting Ground" offset="0" modelpointer="707"/>
  <animation id="025c" name="Klungo Laugh/Hitting Ground" offset="0" modelpointer="707"/>
  <animation id="025d" name="Klungo Drink Potion" offset="0" modelpointer="707"/>
  <animation id="025e" name="Klungo Enlarging Potion" offset="0" modelpointer="707"/>
  <animation id="025f" name="Klungo Jumping" offset="0" modelpointer="707"/>
  <animation id="0260" name="Klungo Hit" offset="0" modelpointer="707"/>
  <animation id="0261" name="Klungo Throw Potion" offset="0" modelpointer="707"/>
  <animation id="0262" name="Klungo Die" offset="0" modelpointer="707"/>
  <animation id="0263" name="Klungo Get Back Up" offset="0" modelpointer="707"/>
  <animation id="0264" name="Klungo Run Loop" offset="0" modelpointer="707"/>
  <animation id="0265" name="Klungo Swing?" offset="0" modelpointer="707"/>
  <animation id="0266" name="Klungo Hit" offset="0" modelpointer="707"/>
  <animation id="0267" name="Klungo Laugh/Idle" offset="0" modelpointer="707"/>
  <animation id="026f" name="FPS Run" offset="0" modelpointer="62a"/>
  <animation id="0270" name="FPS Walk" offset="0" modelpointer="62a"/>
  <animation id="0271" name="FPS Idle" offset="0" modelpointer="62a"/>
  <animation id="0272" name="FPS Hit" offset="0" modelpointer="62a"/>
  <animation id="0273" name="FPS Die" offset="0" modelpointer="62a"/>
  <animation id="0276" name="Banjo Snooze Pack" offset="0" modelpointer="62a"/>
  <animation id="0277" name="Banjo Sleep" offset="0" modelpointer="62a"/>
  <animation id="0278" name="Banjo Sleep?" offset="0" modelpointer="62a"/>
  <animation id="0279" name="Banjo Gets Up" offset="0" modelpointer="62a"/>
  <animation id="027a" name="Banjo Sack Pack" offset="0" modelpointer="62a"/>
  <animation id="027b" name="Banjo High Jump" offset="0" modelpointer="62a"/>
  <animation id="027c" name="Banjo Sack Pack?" offset="0" modelpointer="62a"/>
  <animation id="027d" name="Banjo Swimming" offset="0" modelpointer="62a"/>
  <animation id="027e" name="Banjo Swimming" offset="0" modelpointer="62a"/>
  <animation id="0280" name="Kazooies Legs Boots Walk" offset="0" modelpointer="6d4"/>
  <animation id="0281" name="Dogems Rider Idle" offset="0" modelpointer="6d4"/>
  <animation id="0282" name="BK - Jiggy Collect (Banjo Kazooie)" offset="0"  modelpointer="62a"/>
  <animation id="0289" name="Banjo Sack Pack Idle" offset="0" modelpointer="62a"/>
  <animation id="028a" name="Banjo Sack Pack End" offset="0" modelpointer="62a"/>
  <animation id="028b" name="Banjo Sack Pack Incomplete" offset="0" modelpointer="62a"/>
  <animation id="028c" name="Banjo Sack Pack Walk" offset="0" modelpointer="62a"/>
  <animation id="02a2" name="Mumbo In Chair Idle" offset="0" modelpointer="6d4"/>
  <animation id="02a3" name="Mumbo Getting Out Of Chair" offset="0" modelpointer="6d4"/>
  <animation id="02b0" name="Dingpot" offset="0" modelpointer="7a7"/>
  <animation id="02b1" name="Dingpot" offset="0" modelpointer="7a7"/>
  <animation id="02b2" name="Dingpot" offset="0" modelpointer="7a7"/>
  <animation id="02bb" name="Jamjars Salute" offset="0" modelpointer="7d6"/>
  <animation id="02bc" name="Jamjars Marching" offset="0" modelpointer="7d6"/>
  <animation id="02bd" name="Jamjars Spawn" offset="0" modelpointer="7d6"/>
  <animation id="02be" name="Jamjars Spawn" offset="0" modelpointer="7d6"/>
  <animation id="02bf" name="Jamjars Teaching" offset="0" modelpointer="7d6"/>
  <animation id="02c0" name="Pig With Ring" offset="0" modelpointer="7d6"/>
  <animation id="02c1" name="Jamjars Retreat" offset="0" modelpointer="7d6"/>
  <animation id="02c2" name="Jamjars Peeking Out" offset="0" modelpointer="7d6"/>
  <animation id="02c3" name="Jamjars Closing Lid" offset="0" modelpointer="7d6"/>
  <animation id="02c4" name="Jamjars Peeking Out" offset="0" modelpointer="7d6"/>
  <animation id="02c8" name="Jamjars Tapping Stick" offset="0" modelpointer="7d6"/>
  <animation id="02c9" name="Jamjars Hitting Lid" offset="0" modelpointer="7d6"/>
  <animation id="02ca" name="chchuffyglow" offset="0" modelpointer="739"/>
  
  <animation id="02e1" name="Caveman Eating Stick" offset="0" modelpointer="0"/>
  <animation id="02e3" name="Nuts N Bolts" offset="0" modelpointer="7ec"/>
  <animation id="02e4" name="Nuts N Bolts" offset="0" modelpointer="7ec"/>
  <animation id="02e5" name="Nuts N Bolts" offset="0" modelpointer="7ec"/>
  <animation id="02ec" name="Sabreman" offset="0" modelpointer="7EF"/>
  <animation id="02ed" name="Unga Bunga Yelling" offset="0" modelpointer="7ee"/>
  <animation id="02ee" name="Unga Bunga Laughing" offset="0" modelpointer="7ee"/>
  <animation id="02ef" name="Unga Bunga T-Rex scare" offset="0" modelpointer="7ee"/>
  <animation id="02f0" name="Unga Bunga Running" offset="0" modelpointer="7ee"/>
  <animation id="02f1" name="Unga Bunga Sleeping (Treasure?)" offset="0" modelpointer="7ee"/>
  <animation id="02f2" name="Unga Bunga Wakeup (Treasure?)" offset="0" modelpointer="7ee"/>
  <animation id="02f3" name="Unga Bunga Yelling (Treasure?)" offset="0" modelpointer="7ee"/>
  <animation id="02f4" name="Unga Bunga Crying (Treasure?)" offset="0" modelpointer="7ee"/>
  <animation id="02f5" name="Unga Bunga Idle/Sitting" offset="0" modelpointer="901"/>

  <animation id="02f7" name="Sabreman" offset="0" modelpointer="7EF"/>
  <animation id="02f8" name="Sabreman" offset="0" modelpointer="7EF"/>
  <animation id="02f9" name="Sabreman" offset="0" modelpointer="7EF"/>
  <animation id="02fa" name="Sabreman" offset="0" modelpointer="7EF"/>
  <animation id="02fb" name="Sabreman" offset="0" modelpointer="7EF"/>
  <animation id="02fc" name="Sabreman" offset="0" modelpointer="7EF"/>
  <animation id="02fd" name="Sabreman" offset="0" modelpointer="7EF"/>
  <animation id="02fe" name="Sabreman" offset="0" modelpointer="7EF"/>
  <animation id="02ff" name="Sabreman" offset="0" modelpointer="7EF"/>
 
  <animation id="0300" name="Unga Bunga" offset="0" modelpointer="7ee"/>
  <animation id="0301" name="Minjy Jonjo" offset="0" modelpointer="665"/>
  <animation id="030c" name="FPS Pulling Out Kazooie" offset="0" modelpointer="6d4"/>
  <animation id="030d" name="FPS Idle" offset="0" modelpointer="6d4"/>
  <animation id="030e" name="FPS Walk" offset="0" modelpointer="6d4"/>
  <animation id="030f" name="FPS Run" offset="0" modelpointer="6d4"/>
  <animation id="0310" name="Kazooies Head During FPS Attack" offset="0" modelpointer="6d4"/>
  <animation id="0311" name="FPS Holding Something Wrong" offset="0" modelpointer="6d4"/>
  <animation id="0312" name="FPS Holding Something Wrong Walk" offset="0" modelpointer="6d4"/>
  <animation id="0313" name="FPS Holding Something Wrong Run" offset="0" modelpointer="6d4"/>
  <animation id="0314" name="FPS Attack" offset="0" modelpointer="6d4"/>
  <animation id="0315" name="FPS Cock" offset="0" modelpointer="6d4"/>
  <animation id="031a" name="Something Dying" offset="0" modelpointer="6d4"/>
  <animation id="032a" name="Unga Bunga On The Bridge" offset="0" modelpointer="6d4"/>
  <animation id="0339" name="Pirate" offset="0" modelpointer="7180"/>
  <animation id="033a" name="Pirate" offset="0" modelpointer="7180"/>
  <animation id="033b" name="Pirate" offset="0" modelpointer="7180"/>
  <animation id="033c" name="Pirate" offset="0" modelpointer="7180"/>
  <animation id="033d" name="Pirate" offset="0" modelpointer="7180"/>
  <animation id="0348" name="Grunty Industry Worker" offset="0" modelpointer="7184"/>
  <animation id="0349" name="Grunty Industry Worker" offset="0" modelpointer="7184"/>
  <animation id="034a" name="Grunty Industry Worker" offset="0" modelpointer="7184"/>
  <animation id="034b" name="Grunty Industry Worker" offset="0" modelpointer="7184"/>
  <animation id="034c" name="Grunty Industry Worker" offset="0" modelpointer="7184"/>
  <animation id="034d" name="Grunty Industry Worker" offset="0" modelpointer="7184"/>
  <animation id="034e" name="Grunty Industry Worker" offset="0" modelpointer="7184"/>
  <animation id="034f" name="Pirate" offset="0" modelpointer="7180"/>
  <animation id="0350" name="Pirate" offset="0" modelpointer="7180"/>
  <animation id="0359" name="Unga Bunga Idle" offset="0" modelpointer="6d4"/>
  <animation id="035a" name="Unga Bunga Hitting Ground" offset="0" modelpointer="6d4"/>
  <animation id="035b" name="Unga Bunga Hitting Ground" offset="0" modelpointer="6d4"/>
  <animation id="035d" name="Worker Rabbit" offset="0" modelpointer="803"/>
  <animation id="035e" name="Worker Rabbit" offset="0" modelpointer="803"/>
  <animation id="0363" name="Grunty" offset="0" modelpointer="6d4"/>
  <animation id="036C" name="Minjy Jonjo" offset="0" modelpointer="665"/>
  <animation id="036D" name="Minjy Jonjo" offset="0" modelpointer="665"/>
  <animation id="036E" name="Minjy Jonjo" offset="0" modelpointer="665"/>
  <animation id="0377" name="Minjy Jonjo" offset="0" modelpointer="665"/>
  <animation id="0378" name="Minjy Jonjo" offset="0" modelpointer="665"/>
  <animation id="0379" name="Minjy Jonjo" offset="0" modelpointer="665"/>
  
  <animation id="0381" name="Big Foot - " offset="0" modelpointer="71f8"/>
  <animation id="0382" name="Big Foot - " offset="0" modelpointer="71f8"/>
  <animation id="0383" name="Bigfoot Walk Loop" offset="0" modelpointer="71f8"/>
  <animation id="0384" name="Bigfoot Scared Run Loop" offset="0" modelpointer="71f8"/>
  <animation id="0385" name="Big Foot - " offset="0" modelpointer="71f8"/>
  <animation id="0386" name="Big Foot - " offset="0" modelpointer="71f8"/>
  <animation id="0387" name="Big Foot - Dying" offset="0" modelpointer="71f8"/>
  <animation id="0389" name="Bigfoot Foot Smash? " offset="0" modelpointer="6d4"/>
  <animation id="038a" name="Bigfoot Kicking" offset="0" modelpointer="6d4"/>
  <animation id="038b" name="Bigfoot Hurt Foot" offset="0" modelpointer="6d4"/>
  <animation id="038c" name="Bigfoot Swollen Foot" offset="0" modelpointer="6d4"/>
  <animation id="038f" name="Slide To The Right" offset="0" modelpointer="6d4"/>
  <animation id="0390" name="Slide To The Left" offset="0" modelpointer="6d4"/>
  <animation id="0391" name="chfantasycannon  " offset="0" modelpointer="7640"/>
  <animation id="0392" name="chfantasycannon  " offset="0" modelpointer="7640"/>
  <animation id="039d" name="Flower Baddie" offset="0" modelpointer="73dc"/>
  <animation id="039e" name="Flower Baddie" offset="0" modelpointer="73dc"/>
  <animation id="039f" name="Flower Baddie" offset="0" modelpointer="73dc"/>
  <animation id="03a0" name="Flower Baddie" offset="0" modelpointer="73dc"/>
  <animation id="03a1" name="Flower Baddie" offset="0" modelpointer="73dc"/>
  <animation id="03a3" name="Moggy(enemy) - Swing" offset="0" modelpointer="667"/>
  <animation id="03a6" name="KJ Zombie" offset="0" modelpointer="6d4"/>
  <animation id="03a7" name="KJ Zombie Attack" offset="0" modelpointer="6d4"/>
  <animation id="03a8" name="KJ Zombie Hurt" offset="0" modelpointer="6d4"/>
  <animation id="03a9" name="King Jingaling Petting Toots" offset="0" modelpointer="6d4"/>
  <animation id="03cb" name="Zubba" offset="0" modelpointer="7304"/>   
  <animation id="03df" name="Ugger Smash" offset="0" modelpointer="671"/>
  <animation id="03e0" name="Ugger Target" offset="0" modelpointer="671"/>
  <animation id="03e1" name="Yeehaw " offset="0" modelpointer="789"/>
  <animation id="03e2" name="Yeehaw " offset="0" modelpointer="789"/>
  <animation id="03e4" name="Jolly Happy" offset="0" modelpointer="6d6"/>
  <animation id="03ed" name="Conga" modelpointer="6bd4" offset="0" />
  <animation id="03ee" name="Mrs Boggy - " modelpointer="6b7" offset="0" />
  <animation id="03f7" name="Sick Steggosaurus" offset="0" modelpointer="89b"/>
  <animation id="03f8" name="Blue Steggosaurus" offset="0" modelpointer="89a"/>
  <animation id="03f9" name="Mr. Fit Jumping Jacks" offset="0" modelpointer="6d4"/>
  <animation id="03fa" name="Mr. Fit Run Loop" offset="0" modelpointer="6d4"/>
  <animation id="03fb" name="Mr. Fit Sack Hop Idle" offset="0" modelpointer="6d4"/>
  <animation id="03fc" name="Mr. Fit Sack Hop Run Loop" offset="0" modelpointer="6d4"/>
  <animation id="03fd" name="Mr. Fit Celebrating" offset="0" modelpointer="6d4"/>
  <animation id="03fe" name="Mr. Fit Lose?" offset="0" modelpointer="6d4"/>
  <animation id="03ff" name="Mr. Fit Win?" offset="0" modelpointer="6d4"/>
  <animation id="0400" name="Mr. Fit In The Lead?" offset="0" modelpointer="6d4"/>
  <animation id="0401" name="Stegasarous" offset="0" modelpointer="706"/>
  <animation id="0403" name="Stegasarous" offset="0" modelpointer="706"/>
  <animation id="0404" name="Stegasarous" offset="0" modelpointer="706"/>
  <animation id="0405" name="Stegasarous" offset="0" modelpointer="706"/>
  <animation id="0406" name="Stegasarous" offset="0" modelpointer="706"/>
  <animation id="0407" name="Stegasarous" offset="0" modelpointer="706"/>
  <animation id="0408" name="Stegasarous" offset="0" modelpointer="706"/>
  <animation id="040a" name="Spikey Onion" offset="0" modelpointer="89f"/>
  <animation id="041e" name="Blobbelda Landing On Mingella" offset="0" modelpointer="6d4"/>
  <animation id="0423" name="Lava Hand" modelpointer="925" offset="0" />
  <animation id="0424" name="Lava Hand" modelpointer="925" offset="0" />
  <animation id="0427" name="Park Employee" modelpointer="6b1" offset="0" />
  <animation id="0428" name="Park Employee" modelpointer="6b1" offset="0" />

  <animation id="0429" name="HAG" modelpointer="901" offset="0" />
  <animation id="042A" name="HAG" modelpointer="901" offset="0" />
  <animation id="042B" name="HAG" modelpointer="901" offset="0" />
  <animation id="042C" name="HAG" modelpointer="901" offset="0" />
  <animation id="042D" name="HAG" modelpointer="901" offset="0" />
  <animation id="042E" name="HAG" modelpointer="901" offset="0" />
  <animation id="042F" name="HAG" modelpointer="901" offset="0" />
  
  
  <animation id="0430" name="Rocknut" modelpointer="8ff" offset="0" />
  <animation id="0431" name="Rocknut" modelpointer="8ff" offset="0" />
  <animation id="0432" name="Rocknut" modelpointer="8ff" offset="0" />
  <animation id="0433" name="Rocknut" modelpointer="8ff" offset="0" />
  <animation id="0434" name="chlavagargoyle" modelpointer="900" offset="0" />
  
  <animation id="0435" name="HAG" modelpointer="901" offset="0" />
  <animation id="0436" name="HAG" modelpointer="901" offset="0" />
  <animation id="0437" name="HAG" modelpointer="901" offset="0" />
  <animation id="0438" name="HAG" modelpointer="901" offset="0" />
  <animation id="0439" name="HAG" modelpointer="901" offset="0" />
  <animation id="043A" name="HAG" modelpointer="901" offset="0" />
  <animation id="043B" name="HAG" modelpointer="901" offset="0" />
  <animation id="043C" name="HAG" modelpointer="901" offset="0" />
  <animation id="043D" name="HAG" modelpointer="901" offset="0" />
  <animation id="043E" name="HAG" modelpointer="901" offset="0" />
  <animation id="043F" name="HAG" modelpointer="901" offset="0" />


 

  <animation id="0438" name="Grunty Throwing Spell" offset="0" modelpointer="901"/>
  <animation id="0439" name="Grunty Throwing Big Spell" offset="0" modelpointer="901"/>
  <animation id="043a" name="Grunty Angry" offset="0" modelpointer="901"/>
  <animation id="043c" name="Grunty Charging Spell" offset="0" modelpointer="901"/>
  <animation id="043d" name="Grunty Charging Spell P2" offset="0" modelpointer="901"/>
  <animation id="043e" name="Grunty Throwing Spell" offset="0" modelpointer="901"/>
  <animation id="043f" name="Grunty Idle/Mad" offset="0" modelpointer="901"/>
  <animation id="0440" name="Grunty Something" offset="0" modelpointer="901"/>
  <animation id="0441" name="Boggy Idle?" offset="0" modelpointer="8f1"/>
  <animation id="0442" name="Boggy Idle?" offset="0" modelpointer="8f1"/>
  <animation id="0443" name="Boggy Patting Stomach" offset="0" modelpointer="8f1"/>
  <animation id="0444" name="Boggy's Fish" offset="0" modelpointer="8fa"/>
  <animation id="044f" name="Grunty Run" offset="0" modelpointer="901"/>
  <animation id="0450" name="Grunty Run And Throw Spell?" offset="0" modelpointer="901"/>
  <animation id="0451" name="Grunty Pop Eye Back In" offset="0" modelpointer="901"/>
  <animation id="0460" name="Bottles Dies" offset="0" modelpointer="901"/>
  <animation id="0468" name="Shaking/Falling Off Chair (intro?)" offset="0" modelpointer="0"/>
  <animation id="046e" name="Shaking (intro?)" offset="0" modelpointer="6d4"/>
  <animation id="0471" name="Shaking (intro?)" offset="0" modelpointer="6d4"/>
  <animation id="0480" name="Minjy Jonjo" offset="0" modelpointer="665"/>
  <animation id="048b" name="Banjo Running Out (Intro)" offset="0" modelpointer="62a"/>
  <animation id="048c" name="Playing Cards (Intro)" offset="0" modelpointer="0"/>
  <animation id="0493" name="Dupe Of Blobbella Jumping on Mingella" offset="0" modelpointer="6d4"/>
  <animation id="0498" name="Bottles Ghost Spawn" offset="0" modelpointer="6d4"/>
  <animation id="0499" name="Bottles Ghost Idle" offset="0" modelpointer="6d4"/>
  <animation id="049a" name="Gobi" offset="0" modelpointer="788"/>
  <animation id="049c" name="Gobi" offset="0" modelpointer="788"/>
  <animation id="049d" name="Gobi" offset="0" modelpointer="788"/>
  <animation id="049e" name="BK Cart" offset="0" modelpointer="910"/>
  <animation id="049f" name="BK Cart" offset="0" modelpointer="910"/>
  <animation id="04a4" name="Moggy(enemy) - Hit" offset="0" modelpointer="667"/>
  <animation id="04a8" name="George the Ice Cube" offset="0" modelpointer="915"/>
  <animation id="04a9" name="George the Ice Cube" offset="0" modelpointer="915"/>
  <animation id="04ad" name="Honey B" offset="0" modelpointer="918"/>
  <animation id="04b4" name="Lava Hand" modelpointer="925" offset="0" />
  <animation id="04b5" name="Lava Hand" modelpointer="925" offset="0" />
  <animation id="04bc" name="Flamboyant Oooh (Jolly?)" offset="0" modelpointer="6d4"/>
  <animation id="04bd" name="Jolly Slouched Over Bar" offset="0" modelpointer="6d4"/>
  <animation id="04c1" name="Grunty TOT Idle" offset="0" modelpointer="901"/>
  <animation id="04c2" name="Grunty TOT Idle" offset="0" modelpointer="901"/>
  <animation id="04c3" name="Grunty TOT Right Answer" offset="0" modelpointer="901"/>
  <animation id="04c4" name="Grunty TOT Wrong Answer" offset="0" modelpointer="901"/>
  <animation id="04c5" name="Grunty TOT Impatient" offset="0" modelpointer="901"/>
  <animation id="04c6" name="Grunty TOT Idle" offset="0" modelpointer="901"/>
  <animation id="04c7" name="Grunty TOT Idle" offset="0" modelpointer="901"/>
  <animation id="04c8" name="Grunty TOT Idle" offset="0" modelpointer="901"/>
  <animation id="04c9" name="Jiggywiggy Desciple" offset="0" modelpointer="937"/>
  <animation id="04ca" name="Grunty TOT Cheer?" offset="0" modelpointer="901"/>
  <animation id="04cb" name="Grunty TOT Cheer loop" offset="0" modelpointer="901"/>
  <animation id="04d3" name="FPS Smaller Cock" offset="0" modelpointer="62a"/>
  <animation id="04d4" name="FPS Smaller Attack" offset="0" modelpointer="62a"/>
  <animation id="04d5" name="FPS Run" offset="0" modelpointer="62a"/>
  <animation id="04d6" name="FPS Idle" offset="0" modelpointer="62a"/>
  <animation id="04d7" name="FPS Run" offset="0" modelpointer="62a"/>
  <animation id="04d8" name="FPS Hit" offset="0" modelpointer="62a"/>
  <animation id="04d9" name="FPS Die" offset="0" modelpointer="62a"/>
  <animation id="04da" name="FPS Die" offset="0" modelpointer="62a"/>
  <animation id="04fa" name="Grunty Hands On Hips" offset="0" modelpointer="901"/>
  <animation id="04fb" name="Grunty Scratching Head" offset="0" modelpointer="901"/>
  <animation id="0528" name="Gruntdactyl" offset="0" modelpointer="65e"/>
  <animation id="0529" name="Gruntdactyl" offset="0" modelpointer="65e"/>
  <animation id="052a" name="Gruntdactyl" offset="0" modelpointer="65e"/>
  <animation id="052b" name="General Flying" offset="0" modelpointer="65e,6d7"/>
  <animation id="052c" name="Gruntdactyl" offset="0" modelpointer="65e"/>
</animations>