<?xml version="1.0" encoding="utf-8" ?>
<midis>
  <midi id="00" name="Nothing" pointer="10748" />
  <midi id="01" name="Final Battle with Grunty" pointer="10750" />
  <midi id="02" name="Mumbo's Mountain" pointer="10758" />
  <midi id="03" name="Freezeezy Peak" pointer="10760" />
  <midi id="04" name="MMM - Church" pointer="10768" />
  <midi id="05" name="Treasure Trove Cove" pointer="10770" />
  <midi id="06" name="BGS - Main" pointer="10778" />
  <midi id="07" name="CC - Fighting Crabs" pointer="10780" />
  <midi id="08" name="Main Conect Intro" pointer="10788" />
  <midi id="09" name="Note" pointer="10790" />
  <midi id="0A" name="Jinjo" pointer="10798" />
  <midi id="0B" name="Red Feather" pointer="107A0" />
  <midi id="0C" name="Egg" pointer="107A8" />
  <midi id="0D" name="Jiggy dance" pointer="107B0" />
  <midi id="0E" name="Wind Blowing - Start Rare Logo" pointer="107B8" />
  <midi id="0F" name="MMM" pointer="107C0" />
  <midi id="10" name="Spiral Mountain " pointer="107C8" />
  <midi id="11" name="TTC - Water, Seagulls" pointer="107D0" />
  <midi id="12" name="TTC - Fighting Big Crab" pointer="107D8" />
  <midi id="13" name="TTC - Inside Crab" pointer="107E0" />
  <midi id="14" name="Gold Feather" pointer="107E8" />
  <midi id="15" name="Extra Life" pointer="107F0" />
  <midi id="16" name="Honeycom" pointer="107F8" />
  <midi id="17" name="Hollow Honeycomb" pointer="10800" />
  <midi id="18" name="Completed Honeycomb" pointer="10808" />
  <midi id="19" name="???? Beta ????" pointer="10810" />
  <midi id="1A" name="Dead Banjo" pointer="10818" />
  <midi id="1B" name="MM - Inside Termite's hill" pointer="10820" />
  <midi id="1C" name="Clanker Cavern" pointer="10828" />
  <midi id="1D" name="Mumbo's Spell" pointer="10830" />
  <midi id="1E" name="Grunty's Lair - Mumbo's Mountain" pointer="10838" />
  <midi id="1F" name="CC - In Clanker" pointer="10840" />
  <midi id="20" name="Gobi's Valley" pointer="10848" />
  <midi id="21" name="MMM - In the main house" pointer="10850" />
  <midi id="22" name="MMM - In chruch yard" pointer="10858" />
  <midi id="23" name="MMM - In church" pointer="10860" />
  <midi id="24" name="GV - In tomb" pointer="10868" />
  <midi id="25" name="Invunerability" pointer="10870" />
  <midi id="26" name="GV - Sandybutts Maze" pointer="10878" />
  <midi id="27" name="GV - Ruppe" pointer="10880" />
  <midi id="28" name="TTC - Sandcastle" pointer="10888" />
  <midi id="29" name="CCW - Summer" pointer="10890" />
  <midi id="2A" name="CCW - Winter" pointer="10898" />
  <midi id="2B" name="Right" pointer="108A0" />
  <midi id="2C" name="Wrong" pointer="108A8" />
  <midi id="2D" name="Fanfare before Jiggy" pointer="108B0" />
  <midi id="2E" name="CCW - Autumn" pointer="108B8" />
  <midi id="2F" name="CCW - Main Huv" pointer="108C0" />
  <midi id="30" name="All Jinjos Collected" pointer="108C8" />
  <midi id="31" name="Game Over" pointer="108D0" />
  <midi id="32" name="Intro screen" pointer="108D8" />
  <midi id="33" name="RBB - Main" pointer="108E0" />
  <midi id="34" name="Snacker tune" pointer="108E8" />
  <midi id="35" name="RBB - In machine room" pointer="108F0" />
  <midi id="36" name="All 100 Note" pointer="108F8" />
  <midi id="37" name="Door opening??" pointer="10900" />
  <midi id="38" name="MMM - Church door closing" pointer="10908" />
  <midi id="39" name="Beta Song DK-esque" pointer="10910" />
  <midi id="3A" name="FP - Race" pointer="10918" />
  <midi id="3B" name="FP - Race Winner" pointer="10920" />
  <midi id="3C" name="FP - Race Loser" pointer="10928" />
  <midi id="3D" name="Jiggy Appearance" pointer="10930" />
  <midi id="3E" name="Beta Sound" pointer="10938" />
  <midi id="3F" name="Cauldron" pointer="10940" />
  <midi id="40" name="Witch Falling" pointer="10948" />
  <midi id="41" name="Mumbo's Hut" pointer="10950" />
  <midi id="42" name="Open Note Door" pointer="10958" />
  <midi id="43" name="Warp in to level sound " pointer="10960" />
  <midi id="44" name="CCW - Nabnut" pointer="10968" />
  <midi id="45" name="CCW - In bee Nest" pointer="10970" />
  <midi id="46" name="CCW - Top of tree" pointer="10978" />
  <midi id="47" name="BGS - Tip tup choir" pointer="10980" />
  <midi id="48" name="CCW - Summer house" pointer="10988" />
  <midi id="49" name="CCW - Autumn house" pointer="10990" />
  <midi id="4A" name="RBB - Warehouse by Snacker" pointer="10998" />
  <midi id="4B" name="CCW - Fighting Zubbas" pointer="109A0" />
  <midi id="4C" name="RBB - Quarters" pointer="109A8" />
  <midi id="4D" name="Beta Mumbo's Mountain." pointer="109B0" />
  <midi id="4E" name="Start - whistle pitch bend up" pointer="109B8" />
  <midi id="4F" name="Whistle Pitch bend down" pointer="109C0" />
  <midi id="50" name="Grunty's Lair - TTC/CC" pointer="109C8" />
  <midi id="51" name="Grunty's Lair - TTC/CCW" pointer="109D0" />
  <midi id="52" name="Grunty's Lair - CC/BGS" pointer="109D8" />
  <midi id="53" name="Grunty's Lair - BGS/FP" pointer="109E0" />
  <midi id="54" name="Grunty's Lair - GV" pointer="109E8" />
  <midi id="55" name="BGS - Mr Vile - eating Yumblies" pointer="109F0" />
  <midi id="56" name="Bridge to Grunty's Lair" pointer="109F8" />
  <midi id="57" name="Turbo Talon Trot" pointer="10A00" />
  <midi id="58" name="Wellies move" pointer="10A08" />
  <midi id="59" name="Grunty's Lair - FP" pointer="10A10" />
  <midi id="5A" name="Boggy's Igloo sad kids" pointer="10A18" />
  <midi id="5B" name="Boggy's Igloo All's ok again." pointer="10A20" />
  <midi id="5C" name="Beta Game Over" pointer="10A28" />
  <midi id="5D" name="Grunty's Lair GV/MMM" pointer="10A30" />
  <midi id="5E" name="Grunty's Lair MMM/RBB" pointer="10A38" />
  <midi id="5F" name="CCW - Spring" pointer="10A40" />
  <midi id="60" name="CCW - Nabnut's spare room" pointer="10A48" />
  <midi id="61" name="FP - Light the tree" pointer="10A50" />
  <midi id="62" name="RBB - Fighting the Kabooms" pointer="10A58" />
  <midi id="63" name="Grunty's Lair - CCW/Game Show" pointer="10A60" />
  <midi id="64" name="World Opening" pointer="10A68" />
  <midi id="65" name="Filling a jigsaw picture" pointer="10A70" />
  <midi id="66" name="FP - Christmas Tree" pointer="10A78" />
  <midi id="67" name="Start - Rare Logo" pointer="10A80" />
  <midi id="68" name="FP - We are the Twinklies" pointer="10A88" />
  <midi id="69" name="Cauldron" pointer="10A90" />
  <midi id="6A" name="MMM - Puzzle board" pointer="10A98" />
  <midi id="6B" name="FP - Wozza's Cave" pointer="10AA0" />
  <midi id="6C" name="Grunty's Intro + theme + Banjo Snoozing" pointer="10AA8" />
  <midi id="6D" name="CCW - Gnawty's house" pointer="10AB0" />
  <midi id="6E" name="Start Select screen - sleepy" pointer="10AB8" />
  <midi id="6F" name="Pause Scree" pointer="10AC0" />
  <midi id="70" name="MMM - In loggo" pointer="10AC8" />
  <midi id="71" name="Grunty's Furnace Fun" pointer="10AD0" />
  <midi id="72" name="BGS - Beat the frogs" pointer="10AD8" />
  <midi id="73" name="Start Selection screen - gameboy" pointer="10AE0" />
  <midi id="74" name="Grunty's Main Room - cackles" pointer="10AE8" />
  <midi id="75" name="Red Feather Pillow" pointer="10AF0" />
  <midi id="76" name="Gold Feather Pillow" pointer="10AF8" />
  <midi id="77" name="Blue Egg Pillow" pointer="10B00" />
  <midi id="78" name="Open a Note doo" pointer="10B08" />
  <midi id="79" name="Cheato" pointer="10B10" />
  <midi id="7A" name="Brentilda" pointer="10B18" />
  <midi id="7B" name="Skull Square" pointer="10B20" />
  <midi id="7C" name="Grunty square" pointer="10B28" />
  <midi id="7D" name="Banjo square" pointer="10B30" />
  <midi id="7E" name="Joker square" pointer="10B38" />
  <midi id="7F" name="Music square" pointer="10B40" />
  <midi id="80" name="Machine Room" pointer="10B48" />
  <midi id="81" name="Brentilda -strum -" pointer="10B50" />
  <midi id="82" name="Puzzle out" pointer="10B58" />
  <midi id="83" name="Gobi Valley - SNS" pointer="10B60" />
  <midi id="84" name="Treasure Trove Cove - SNS" pointer="10B68" />
  <midi id="85" name="Freezeezy Peak - SNS" pointer="10B70" />
  <midi id="86" name="Mad Monster Mansion - SNS" pointer="10B78" />
  <midi id="87" name="Click Clock Wood - SNS" pointer="10B80" />
  <midi id="88" name="Collection of SNS Item" pointer="10B88" />
  <midi id="89" name="Jinjo charge" pointer="10B90" />
  <midi id="8A" name="Turbo Talon Trot short" pointer="10B98" />
  <midi id="8B" name="Strum" pointer="10BA0" />
  <midi id="8C" name="Jinjonator" pointer="10BA8" />
  <midi id="8D" name="Jinjonator appearing" pointer="10BB0" />
  <midi id="8E" name="Cast List" pointer="10BB8" />
  <midi id="8F" name="Jinjonator charging" pointer="10BC0" />
  <midi id="90" name="Grunty's Big Door opening" pointer="10BC8" />
  <midi id="91" name="Grunty falling" pointer="10BD0" />
  <midi id="92" name="Grunty's spell" pointer="10BD8" />
  <midi id="93" name="Bottles game piece" pointer="10BE0" />
  <midi id="94" name="Bottles game music" pointer="10BE8" />
  <midi id="95" name="Start of bottles game" pointer="10BF0" />
  <midi id="96" name="Pick a piece up" pointer="10BF8" />
  <midi id="97" name="Put a piece down" pointer="10C00" />
  <midi id="98" name="Start of Bottles game" pointer="10C08" />
  <midi id="99" name="Barbeque tune" pointer="10C10" />
  <midi id="9A" name="Jinjonator hitting Grunty" pointer="10C18" />
  <midi id="9B" name="Jinjonator hitting Grunty 2" pointer="10C20" />
  <midi id="9C" name="Jinjonator hitting Grunty 3" pointer="10C28" />
  <midi id="9D" name="Jinjonator hitting Grunty 4" pointer="10C30" />
  <midi id="9E" name="Jinjonator hitting Grunty 5" pointer="10C38" />
  <midi id="9F" name="Jinjonator hitting Grunty 6" pointer="10C40" />
  <midi id="A0" name="Jinjonator hitting Grunty 7" pointer="10C48" />
  <midi id="A1" name="Jinjonator hitting Grunty 8" pointer="10C50" />
  <midi id="A2" name="Jinjonator hitting Grunty 9" pointer="10C58" />
  <midi id="A3" name="Jinjonator hitting Grunty 10" pointer="10C60" />
  <midi id="A4" name="Barbeque Shock 1" pointer="10C68" />
  <midi id="A5" name="Barbeque Shock 2" pointer="10C70" />
  <midi id="A6" name="Barbeque Shock 3" pointer="10C78" />
  <midi id="A7" name="Barbeque Shock 4" pointer="10C80" />
  <midi id="A8" name="Grunty's Lament" pointer="10C88" />
  <midi id="A9" name="Tooty's theme" pointer="10C90" />
  <midi id="AA" name="Beach theme" pointer="10C98" />
  <midi id="AB" name="Grunty's Lament" pointer="10CA0" />
  <midi id="AC" name="Final Game Over" pointer="10CA8" />
</midis>