<?xml version="1.0" encoding="utf-8" ?>
<setups>
  <setup name="GL - Entrance" pointer="7990" sceneID="AD" modelAPointer="c57c" modelBPointer="0" />
  <setup name="SM - behind the waterfall" pointer="7994" sceneID="AE" modelAPointer="c580" modelBPointer="c584" />
  <setup name="SM - Spiral Mountain" pointer="7998" sceneID="AF" modelAPointer="c56c" modelBPointer="c570" />
  <setup name="MT - Wumba's Wigwam" pointer="79b4" sceneID="B6" modelAPointer="c588" modelBPointer="c5a0" />
  <setup name="MT - Mumbo's Skull" pointer="79b8" sceneID="B7" modelAPointer="c58c" modelBPointer="c590" />
  <setup name="MT" pointer="79bc" sceneID="B8" modelAPointer="c5b0" modelBPointer="c5b4" />
  <setup name="MT - Prison Compound" pointer="79c4" sceneID="B9" modelAPointer="c5b8" modelBPointer="c5bc" />
  <setup name="MT - Columns Vault" pointer="79c8" sceneID="BA" modelAPointer="c5c0" modelBPointer="0" />
  <setup name="MT - Mayan Kickball Stadium" pointer="79cc" sceneID="BB" modelAPointer="0" modelBPointer="c5c4" />
  <setup name="MT - Code Chamber" pointer="79cc" sceneID="BC" modelAPointer="c5c8" modelBPointer="" />
  <setup name="MT - Jade Snake Grove" pointer="79ec" sceneID="C4" modelAPointer="c5cc" modelBPointer="c5d0" />
  <setup name="MT - Treasure Chamber" pointer="79f0" sceneID="C5" modelAPointer="c5d4" modelBPointer="0" />
  <setup name="MT - Kickball Arena" pointer="79f4" sceneID="C6" modelAPointer="c5d8" modelBPointer="0" />
  <setup name="GGM" pointer="79f8" sceneID="C7" modelAPointer="c61c" modelBPointer="c660" />
  <setup name="MT - kickball arena" pointer="7a00" sceneID="00C9" modelAPointer="c5d8" modelBPointer="0" />
  <setup name="GGM - fuel depot" pointer="7a04" sceneID="00CA" modelAPointer="c5ec" modelBPointer="c650" />
  <setup name="GGM - crushing shed" pointer="7a08" sceneID="00CB" modelAPointer="c5f0" modelBPointer="c628" />
  <setup name="GGM - flooded caves" pointer="7a0c" sceneID="00CC" modelAPointer="c5f4" modelBPointer="c63c" />
  <setup name="GGM - water storage" pointer="7a10" sceneID="00CD" modelAPointer="c5f8" modelBPointer="c648" />
  <setup name="GGM - waterfall cavern" pointer="7a14" sceneID="00CE" modelAPointer="c5fc" modelBPointer="c620" />
  <setup name="GGM - power hut basement" pointer="7a18" sceneID="00CF" modelAPointer="c600" modelBPointer="c634" />
  <setup name="GGM - chuffy's cab" pointer="7a1c" sceneID="00D0" modelAPointer="c604" modelBPointer="" />
  <setup name="GGM - inside chuffy's boiler boss" pointer="7a20" sceneID="00D1" modelAPointer="c608" modelBPointer="c654" />
  <setup name="GGM - gloomy caverns" pointer="7a24" sceneID="00D2" modelAPointer="c60c" modelBPointer="c630" />
  <setup name="GGM - generator caverns" pointer="7a28" sceneID="00D3" modelAPointer="c610" modelBPointer="c640" />
  <setup name="GGM - power hut" pointer="7a2c" sceneID="00D4" modelAPointer="c614" modelBPointer="c62c" />
  <setup name="GGM - wumba's wigwam" pointer="7a30" sceneID="00D5" modelAPointer="" modelBPointer="" />
  <setup name="WW - Witchyworld" pointer="7a34" sceneID="00D6" modelAPointer="c668" modelBPointer="c698" />
  <setup name="GGM - train station" pointer="7a38" sceneID="00D7" modelAPointer="c618" modelBPointer="" />
  <setup name="GGM - prospectors hut" pointer="7a3c" sceneID="00D8" modelAPointer="c638" modelBPointer="c664" />
  <setup name="GGM - Mumbo's hut" pointer="7a40" sceneID="00D9" modelAPointer="" modelBPointer="" />
  <setup name="GGM - toxic gas cave" pointer="7a44" sceneID="00DA" modelAPointer="c644" modelBPointer="0" />
  <setup name="GGM - canary cave" pointer="7a48" sceneID="00DB" modelAPointer="c624" modelBPointer="c64c" />
  <setup name="GGM - ordnance storage" pointer="7a4c" sceneID="00DC" modelAPointer="c658" modelBPointer="0" />
  <setup name="WW - dodgem dome lobby" pointer="7a50" sceneID="00DD" modelAPointer="c68c" modelBPointer="0" />
  <setup name="WW - dodgem challenge 1 vs 1" pointer="7a54" sceneID="00DE" modelAPointer="c690" modelBPointer="0" />
  <setup name="WW - dodgem challenge 2 vs 1" pointer="7a58" sceneID="00DF" modelAPointer="c690" modelBPointer="0" />
  <setup name="WW - dodgem challenge 3 vs 1" pointer="7a5c" sceneID="00E0" modelAPointer="c690" modelBPointer="0" />
  <setup name="WW - crazy castle stockade" pointer="7a60" sceneID="00E1" modelAPointer="c66c" modelBPointer="" />
  <setup name="WW - crazy castle lobby" pointer="7a64" sceneID="00E2" modelAPointer="c674" modelBPointer="" />
  <setup name="WW - crazy castle pump room" pointer="7a68" sceneID="00E3" modelAPointer="c670" modelBPointer="" />
  <setup name="WW - balloon burst game" pointer="7a6c" sceneID="00E4" modelAPointer="c6a0" modelBPointer="" />
  <setup name="WW - hoop hurry game" pointer="7a70" sceneID="00E5" modelAPointer="" modelBPointer="" />
  <setup name="WW - star spinner" pointer="7a74" sceneID="00E6" modelAPointer="c688" modelBPointer="c69c" />
  <setup name="WW - the inferno" pointer="7a78" sceneID="00E7" modelAPointer="c678" modelBPointer="0" />
  <setup name="GGM - Wumba's Wigwam" pointer="7a80" sceneID="00E9" modelAPointer="" modelBPointer="" />
  <setup name="WW - cave of horrors" pointer="7a84" sceneID="00EA" modelAPointer="c67c" modelBPointer="0" />
  <setup name="WW - Haunted Caverns" pointer="7a88" sceneID="00EB" modelAPointer="" modelBPointer="c680" />
  <setup name="WW - Train Station" pointer="7a8c" sceneID="00EC" modelAPointer="c684" modelBPointer="c6b0" />
  <setup name="JRL - Jollys" pointer="7a90" sceneID="00ED" modelAPointer="c6e4" modelBPointer="c714" />
  <setup name="JRL - Pawno" pointer="7a94" sceneID="00EE" modelAPointer="c6ec" modelBPointer="c6f0" />
  <setup name="JRL - Mumbos Skull" pointer="7a98" sceneID="00EF" modelAPointer="" modelBPointer="" />
  <setup name="JRL - UFO" pointer="7aa0" sceneID="00F1" modelAPointer="c6b8" modelBPointer="c718" />
  <setup name="JRL - Ancient Swimming Baths" pointer="7aac" sceneID="00F4" modelAPointer="c6bc" modelBPointer="c6c0" />
  <setup name="Objects (Beta JRL)" pointer="7ab0" sceneID="00F5" modelAPointer="" modelBPointer="" />
  <setup name="JRL - Electric Eels Lair" pointer="7ab4" sceneID="00F6" modelAPointer="c6c4" modelBPointer="c6c8" />
  <setup name="JRL - Seaweed Santchum" pointer="7ab8" sceneID="00F7" modelAPointer="c6cc" modelBPointer="c6d0" />
  <setup name="JRL - Inside the big fish" pointer="7abc" sceneID="00F8" modelAPointer="c6d4" modelBPointer="c6d8" />
  <setup name="WW - Mr. Patch" pointer="7ac0" sceneID="00F9" modelAPointer="c694" modelBPointer="0" />
  <setup name="JRL - Temple of the Fishes" pointer="7ac4" sceneID="00FA" modelAPointer="" modelBPointer="" />
  <setup name="JRL - Lord Woo Fak Fak" pointer="7acc" sceneID="00FC" modelAPointer="c6dc" modelBPointer="c6fc" />
  <setup name="JRL - Blubber's Wave Race Hire" pointer="7ad8" sceneID="00FF" modelAPointer="c6f4" modelBPointer="" />
  <setup name="GI - outside" pointer="7adc" sceneID="0100" modelAPointer="c760" modelBPointer="c7a8" />
  <setup name="GI - inside" pointer="7ae0" sceneID="0101" modelAPointer="c764" modelBPointer="c7a4" />
  <setup name="GI - Train Station" pointer="7ae4" sceneID="0102" modelAPointer="c77c" modelBPointer="c7b8" />
  <setup name="GI - workers quarters" pointer="7ae8" sceneID="0103" modelAPointer="c790" modelBPointer="c7dc" />
  <setup name="GI - trash compactor" pointer="7aec" sceneID="0104" modelAPointer="c780" modelBPointer="0" />
  <setup name="GI - elevator shaft" pointer="7af0" sceneID="0105" modelAPointer="c774" modelBPointer="0" />
  <setup name="GI - floor 2" pointer="7af4" sceneID="0106" modelAPointer="c768" modelBPointer="c7c4" />
  <setup name="GI - floor 2 (electromagnet chamber)" pointer="7af8" sceneID="0107" modelAPointer="c788" modelBPointer="0" />
  <setup name="GI - floor 3" pointer="7afc" sceneID="0108" modelAPointer="c768" modelBPointer="c7c8" />
  <setup name="GI - floor 3 (boiler plant)" pointer="7b00" sceneID="0109" modelAPointer="c784" modelBPointer="c7d8" />
  <setup name="GI - floor 3 (packing room)" pointer="7b04" sceneID="010A" modelAPointer="c7b0" modelBPointer="0" />
  <setup name="GI - floor 4" pointer="7b08" sceneID="010B" modelAPointer="c770" modelBPointer="c7cc" />
  <setup name="GI - floor 4 (cable room)" pointer="7b0c" sceneID="010C" modelAPointer="c794" modelBPointer="c798" />
  <setup name="GI - floor 4 (quality control)" pointer="7b10" sceneID="010D" modelAPointer="c79c" modelBPointer="c7ac" />
  <setup name="GI - floor 5" pointer="7b14" sceneID="010E" modelAPointer="" modelBPointer="" />
  <setup name="GI - basement" pointer="7b18" sceneID="010F" modelAPointer="c778" modelBPointer="c7d4" />
  <setup name="GI - basement (repair depot)" pointer="7b1c" sceneID="0110" modelAPointer="c7b4" modelBPointer="0" />
  <setup name="GI - basement (waste disposal)" pointer="7b20" sceneID="0111" modelAPointer="c78c" modelBPointer="c7a0" />
  <setup name="TL" pointer="7b24" sceneID="0112" modelAPointer="c720" modelBPointer="c750" />
  <setup name="TL - terry's nest" pointer="7b28" sceneID="0113" modelAPointer="c734" modelBPointer="c75c" />
  <setup name="TL - train station" pointer="7b2c" sceneID="0114" modelAPointer="c740" modelBPointer="" />
  <setup name="TL - oogle boogles cave" pointer="7b30" sceneID="0115" modelAPointer="c744" modelBPointer="0" />
  <setup name="TL - inside the mountain" pointer="7b34" sceneID="0116" modelAPointer="c72c" modelBPointer="c730" />
  <setup name="TL - river passage" pointer="7b38" sceneID="0117" modelAPointer="c738" modelBPointer="c73c" />
  <setup name="TL - styracosaurus family cave" pointer="7b3c" sceneID="0118" modelAPointer="c728" modelBPointer="0" />
  <setup name="TL - unga bunga's cave" pointer="7b40" sceneID="0119" modelAPointer="c748" modelBPointer="0" />
  <setup name="TL - stomping plains" pointer="7b44" sceneID="011A" modelAPointer="c74c" modelBPointer="0" />
  <setup name="TL - bonfire caverns" pointer="7b48" sceneID="011B" modelAPointer="c724" modelBPointer="0" />
  <setup name="TL - Humba's Wigwam" pointer="7b54" sceneID="011E" modelAPointer="" modelBPointer="" />
  <setup name="GI - Humba's Wigwam" pointer="7b58" sceneID="011F" modelAPointer="" modelBPointer="" />
  <setup name="JRL - Humba's Wigwam" pointer="7b5c" sceneID="0120" modelAPointer="" modelBPointer="" />
  <setup name="Inside Chuffy's wagon" pointer="7b60" sceneID="0121" modelAPointer="c654" modelBPointer="0" />
  <setup name="TL - Humba's Wigwam Big" pointer="7b64" sceneID="0122" modelAPointer="" modelBPointer="" />
  <setup name="TL - Inside chompa's belly" pointer="7b68" sceneID="0123" modelAPointer="c608" modelBPointer="0" />
  <setup name="WW - Saucer of Peril" pointer="7b6c" sceneID="0124" modelAPointer="" modelBPointer="" />
  <setup name="GI - water supply pipe" pointer="7b70" sceneID="0125" modelAPointer="" modelBPointer="" />
  <setup name="GGM - water supply pipe" pointer="7b74" sceneID="0126" modelAPointer="" modelBPointer="" />
  <setup name="HP - lava side" pointer="7b78" sceneID="0127" modelAPointer="c7ec" modelBPointer="c7f0" />
  <setup name="HP - icy side" pointer="7b7c" sceneID="0128" modelAPointer="c7f4" modelBPointer="c7f8" />
  <setup name="HP - lava train station" pointer="7b80" sceneID="0129" modelAPointer="c808" modelBPointer="" />
  <setup name="HP - ice train station" pointer="7b84" sceneID="012A" modelAPointer="c800" modelBPointer="c804" />
  <setup name="HP - chilli billi" pointer="7b88" sceneID="012B" modelAPointer="c81c" modelBPointer="c82c" />
  <setup name="HP - chilly willy" pointer="7b8c" sceneID="012C" modelAPointer="c820" modelBPointer="c830" />
  <setup name="HP - colosseum kickball stadium lobby" pointer="7b90" sceneID="012D" modelAPointer="" modelBPointer="" />
  <setup name="HP - colosseum kickball stadium - Quarterfinal" pointer="7b94" sceneID="012E" modelAPointer="" modelBPointer="" />
  <setup name="HP - colosseum kickball stadium - Semifinal" pointer="7b98" sceneID="012F" modelAPointer="" modelBPointer="" />
  <setup name="HP - colosseum kickball stadium - Final" pointer="7b9c" sceneID="0130" modelAPointer="" modelBPointer="" />
  <setup name="HP - boggy's igloo" pointer="7ba0" sceneID="0131" modelAPointer="" modelBPointer="" />
  <setup name="HP - icicle grotto" pointer="7ba4" sceneID="0132" modelAPointer="" modelBPointer="" />
  <setup name="HP - inside the volcano" pointer="7ba8" sceneID="0133" modelAPointer="" modelBPointer="" />
  <setup name="HP - Mumbo's Skull" pointer="7bac" sceneID="0134" modelAPointer="" modelBPointer="" />
  <setup name="HP - humba's wigwam" pointer="7bb0" sceneID="0135" modelAPointer="" modelBPointer="" />
  <setup name="CCL - Cloud Cuckoo Land" pointer="7bb4" sceneID="0136" modelAPointer="c834" modelBPointer="c854" />
  <setup name="CCL - inside the trashcan" pointer="7bb8" sceneID="0137" modelAPointer="c84c" modelBPointer="c850" />
  <setup name="CCL - inside the cheesewedge" pointer="7bbc" sceneID="0138" modelAPointer="c848" modelBPointer="c860" />
  <setup name="CCL - central cavern" pointer="7bc4" sceneID="013A" modelAPointer="c838" modelBPointer="c858" />
  <setup name="WW - crazy castle stockade (sop)" pointer="7bc8" sceneID="013B" modelAPointer="c66c" modelBPointer="0" />
  <setup name="WW - star spinner (sop)" pointer="7bcc" sceneID="013C" modelAPointer="" modelBPointer="" />
  <setup name="CCL - inside the pot o gold" pointer="7bd0" sceneID="013D" modelAPointer="c83c" modelBPointer="c840" />
  <setup name="CCL - mumbo's skull" pointer="7bd4" sceneID="013E" modelAPointer="" modelBPointer="" />
  <setup name="CCL - mingy jongo's skull" pointer="7bd8" sceneID="013F" modelAPointer="" modelBPointer="" />
  <setup name="CCL - humba wumba's wigwam" pointer="7bdc" sceneID="0140" modelAPointer="" modelBPointer="" />
  <setup name="SM - Digger Tunnel" pointer="7be0" sceneID="0141" modelAPointer="c598" modelBPointer="0" />
  <setup name="JV - Jinjo Village" pointer="7be4" sceneID="0142" modelAPointer="c88c" modelBPointer="0" />
  <setup name="JV - Bottles house" pointer="7be8" sceneID="0143" modelAPointer="c8c8" modelBPointer="c8d4" />
  <setup name="JV - King Jingalings throne room" pointer="7bec" sceneID="0144" modelAPointer="" modelBPointer="" />
  <setup name="JV - Green jinjo's house" pointer="7bf0" sceneID="0145" modelAPointer="c8c4" modelBPointer="" />
  <setup name="JV - Black jinjo's house" pointer="7bf4" sceneID="0146" modelAPointer="c8c4" modelBPointer="" />
  <setup name="JV - Yellow jinjo's house" pointer="7bf8" sceneID="0147" modelAPointer="c8c4" modelBPointer="" />
  <setup name="JV - Blue jinjo's house" pointer="7bfc" sceneID="0148" modelAPointer="c8c4" modelBPointer="" />
  <setup name="JV - Unused jinjo's house" pointer="7c00" sceneID="0149" modelAPointer="c8c4" modelBPointer="" />
  <setup name="JV - Brown jinjo's house" pointer="7c04" sceneID="014A" modelAPointer="c8c4" modelBPointer="" />
  <setup name="JV - Orange jinjo's house" pointer="7c08" sceneID="014B" modelAPointer="c8c4" modelBPointer="" />
  <setup name="JV - Purple jinjo's house" pointer="7c0c" sceneID="014C" modelAPointer="c8c4" modelBPointer="" />
  <setup name="JV - Red jinjo's house" pointer="7c10" sceneID="014D" modelAPointer="c8c4" modelBPointer="" />
  <setup name="JV - White jinjo's house" pointer="7c14" sceneID="014E" modelAPointer="c8c4" modelBPointer="" />
  <setup name="IOH - Wooden Hollow" pointer="7c18" sceneID="014F" modelAPointer="c890" modelBPointer="" />
  <setup name="IOH - Heggy's egg shed" pointer="7c1c" sceneID="0150" modelAPointer="c8a4" modelBPointer="0" />
  <setup name="IOH - Jiggywiggy's temple" pointer="7c20" sceneID="0151" modelAPointer="c894" modelBPointer="0" />
  <setup name="IOH - Plateau" pointer="7c24" sceneID="0152" modelAPointer="c898" modelBPointer="0" />
  <setup name="IOH - Honey B's Hive" pointer="7c28" sceneID="0153" modelAPointer="c8c0" modelBPointer="" />
  <setup name="IOH - Pine Grove" pointer="7c2c" sceneID="0154" modelAPointer="c89c" modelBPointer="c8a0" />
  <setup name="IOH - Cliff Top" pointer="7c30" sceneID="0155" modelAPointer="c8a8" modelBPointer="0" />
  <setup name="IOH - Mumbo's Skull" pointer="7c34" sceneID="0156" modelAPointer="" modelBPointer="" />
  <setup name="IOH - Humba Wumba's wigwam" pointer="7c38" sceneID="0157" modelAPointer="" modelBPointer="" />
  <setup name="CS - Game select screen" pointer="7c3c" sceneID="0158" modelAPointer="" modelBPointer="" />
  <setup name="CS - Opening cut scene" pointer="7c40" sceneID="0159" modelAPointer="" modelBPointer="" />
  <setup name="IOH - Wasteland" pointer="7c44" sceneID="015A" modelAPointer="c8ac" modelBPointer="0" />
  <setup name="IOH - Digger Tunnel" pointer="7c48" sceneID="015B" modelAPointer="c8b8" modelBPointer="" />
  <setup name="IOH - Quagmire" pointer="7c4c" sceneID="015C" modelAPointer="c8b0" modelBPointer="0" />
  <setup name="CK - Cauldron Keep" pointer="7c50" sceneID="015D" modelAPointer="c86c" modelBPointer="c870" />
  <setup name="CK - Gatehouse" pointer="7c54" sceneID="015E" modelAPointer="c878" modelBPointer="0" />
  <setup name="CK - Quiz" pointer="7c58" sceneID="015F" modelAPointer="0" modelBPointer="0" />
  <setup name="CK - Gun Chamber" pointer="7c5c" sceneID="0160" modelAPointer="c874" modelBPointer="0" />
  <setup name="CCL" pointer="7c60" sceneID="0161" modelAPointer="c834" modelBPointer="c854" />
  <setup name="GI - Floor 4 - Clinker's Cavern" pointer="7c64" sceneID="0162" modelAPointer="c7bc" modelBPointer="0" />
  <setup name="GGM - Ordnance Shooting Entrance" pointer="7c68" sceneID="0163" modelAPointer="" modelBPointer="" />
  <setup name="GGM - Ordnance Shooting Game" pointer="7c6c" sceneID="0164" modelAPointer="" modelBPointer="" />
  <setup name="GGM - Ordnance Shooting Game Multi" pointer="7c70" sceneID="0165" modelAPointer="" modelBPointer="" />
  <setup name="MT - Multi" pointer="7c74" sceneID="0166" modelAPointer="" modelBPointer="" />
  <setup name="MT - still" pointer="7c78" sceneID="0167" modelAPointer="" modelBPointer="" />
  <setup name="HP - Icy side still" pointer="7c7c" sceneID="0168" modelAPointer="" modelBPointer="" />
  <setup name="Bottles house still" pointer="7c80" sceneID="0169" modelAPointer="" modelBPointer="" />
  <setup name="CK - Gun Room Still" pointer="7c84" sceneID="016A" modelAPointer="" modelBPointer="" />
  <setup name="GGM" pointer="7c98" sceneID="016F" modelAPointer="" modelBPointer="" />
  <setup name="GGM" pointer="7c9c" sceneID="0170" modelAPointer="" modelBPointer="" />
  <setup name="GGM - Mumbo's Skull" pointer="7ca0" sceneID="0171" modelAPointer="" modelBPointer="" />
  <setup name="GI - Mumbo's Skull" pointer="7ca4" sceneID="0172" modelAPointer="" modelBPointer="" />
  <setup name="SM - Banjo's House" pointer="7ca8" sceneID="0173" modelAPointer="" modelBPointer="" />
  <setup name="" pointer="7cb0" sceneID="0175" modelAPointer="" modelBPointer="" />
  <setup name="WW - Mumbo's skull" pointer="7cb4" sceneID="0176" modelAPointer="" modelBPointer="" />
  <setup name="MT - Targitzan's slighty sacred temple" pointer="7cb8" sceneID="0177" modelAPointer="" modelBPointer="" />
  <setup name="MT - Inside targitzans temple" pointer="7cbc" sceneID="0178" modelAPointer="" modelBPointer="" />
  <setup name="MT - Targitzan temple lobby" pointer="7cc0" sceneID="0179" modelAPointer="" modelBPointer="" />
  <setup name="MT - Targitzan's temple boss" pointer="7cc4" sceneID="017A" modelAPointer="" modelBPointer="" />
  <setup name="MP - Balloons" pointer="7cc8" sceneID="017B" modelAPointer="" modelBPointer="" />
  <setup name="MP - Hoops" pointer="7ccc" sceneID="017C" modelAPointer="" modelBPointer="" />
  <setup name="MP - Packing Game" pointer="7cd0" sceneID="017D" modelAPointer="" modelBPointer="" />
  <setup name="CS - Zombiefied Throne Room" pointer="7cd4" sceneID="017E" modelAPointer="" modelBPointer="" />
  <setup name="MP - Kickball Arena" pointer="7cd8" sceneID="017F" modelAPointer="" modelBPointer="" />
  <setup name="MP - Kickball Arena 2" pointer="7cdc" sceneID="0180" modelAPointer="" modelBPointer="" />
  <setup name="JRL - sea bottom cavern" pointer="7ce0" sceneID="0181" modelAPointer="" modelBPointer="" />
  <setup name="JRL - submarine multi" pointer="7ce4" sceneID="0182" modelAPointer="" modelBPointer="" />
  <setup name="TL - chompa's belly multi" pointer="7ce8" sceneID="0183" modelAPointer="" modelBPointer="" />
  <setup name="Beta green pipe" pointer="7cec" sceneID="0184" modelAPointer="" modelBPointer="" />
  <setup name="MP - Trash Can" pointer="7cf0" sceneID="0185" modelAPointer="" modelBPointer="" />
  <setup name="MP - Dodgems" pointer="7cf4" sceneID="0186" modelAPointer="" modelBPointer="" />
  <setup name="GI - Floor 4 (Sewer Entrance)" pointer="7cf8" sceneID="0187" modelAPointer="" modelBPointer="" />
  <setup name="MP - Bee Hive" pointer="7cfc" sceneID="0188" modelAPointer="" modelBPointer="" />
  <setup name="MP - Quiz Game" pointer="7d00" sceneID="0189" modelAPointer="" modelBPointer="" />
  <setup name="CK - Inside the Digger" pointer="7d04" sceneID="018A" modelAPointer="" modelBPointer="" />
  <setup name="CS - Intro" pointer="7d08" sceneID="018B" modelAPointer="" modelBPointer="" />
  <setup name="CS - Sisters explain BOB" pointer="7d0c" sceneID="018C" modelAPointer="" modelBPointer="" />
  <setup name="CS - Gained energy from Jingaling" pointer="7d10" sceneID="018D" modelAPointer="" modelBPointer="" />
  <setup name="CS - About to Blast Jingaling" pointer="7d18" sceneID="018F" modelAPointer="" modelBPointer="" />
  <setup name="CS - Getting Zapped" pointer="7d1c" sceneID="0190" modelAPointer="" modelBPointer="" />
  <setup name="CS - Party Ended" pointer="7d20" sceneID="0191" modelAPointer="" modelBPointer="" />
  <setup name="CS - Bottles gets home" pointer="7d24" sceneID="0192" modelAPointer="" modelBPointer="" />
  <setup name="CS - Bottles is brought back to life!" pointer="7d28" sceneID="0193" modelAPointer="" modelBPointer="" />
  <setup name="CS - B and K About to use BOB" pointer="7d2c" sceneID="0194" modelAPointer="" modelBPointer="" />
  <setup name="CS - Lets fix Bottles Next" pointer="7d30" sceneID="0195" modelAPointer="" modelBPointer="" />
  <setup name="CS - Playing with Gruntys Head" pointer="7d34" sceneID="0196" modelAPointer="" modelBPointer="" />
  <setup name="CS - Giving Jingaliong back life" pointer="7d38" sceneID="0197" modelAPointer="" modelBPointer="" />
  <setup name="CS - Jingalings Temple gets back life" pointer="7d3c" sceneID="0198" modelAPointer="" modelBPointer="" />
  <setup name="CS - Jingaling Celebrates that hes back" pointer="7d40" sceneID="0199" modelAPointer="" modelBPointer="" />
  <setup name="CK" pointer="7d44" sceneID="019A" modelAPointer="" modelBPointer="" />
  <setup name="JV - Zombiefied Throne Room" pointer="7d48" sceneID="019B" modelAPointer="" modelBPointer="" />
  <setup name="CS - Credits" pointer="7d4c" sceneID="019C" modelAPointer="" modelBPointer="" />
  <setup name="CS - Character Parade" pointer="7d50" sceneID="019D" modelAPointer="" modelBPointer="" />
  <setup name="JRL - Smugglers Cavern" pointer="7d74" sceneID="01A6" modelAPointer="" modelBPointer="" />
  <setup name="JRL " pointer="7d78" sceneID="01A7" modelAPointer="" modelBPointer="" />
  <setup name="JRL - Atlantas" pointer="7d7c" sceneID="01A8" modelAPointer="" modelBPointer="" />
  <setup name="JRL - Sea Bottom" pointer="7d80" sceneID="01A9" modelAPointer="" modelBPointer="" />
  <setup name="CS - Two Years have Passed" pointer="7960" sceneID="A1" modelAPointer="0" modelBPointer="0" />
  <setup name="CS - Drill Starts" pointer="7964" sceneID="A2" modelAPointer="0" modelBPointer="0" />
  <setup name="CS - Drill goes through Boulders" pointer="7968" sceneID="A3" modelAPointer="0" modelBPointer="0" />
  <setup name="CS - Use Magic to Lift Boulder" pointer="796c" sceneID="A4" modelAPointer="0" modelBPointer="0" />
  <setup name="CS - Revenge is Mine!" pointer="7970" sceneID="A5" modelAPointer="10510" modelBPointer="0" />
  <setup name="CS - Witches Leave Spiral Mountain" pointer="7974" sceneID="A6" modelAPointer="0" modelBPointer="0" />
  <setup name="CS - House Destoryed" pointer="7978" sceneID="A7" modelAPointer="0" modelBPointer="0" />
  <setup name="CS - Playing Poker" pointer="797c" sceneID="A8" modelAPointer="0" modelBPointer="10518" />
  <setup name="CS - Earthquake!" pointer="7980" sceneID="A9" modelAPointer="0" modelBPointer="0" />
  <setup name="CS - It Stopped" pointer="7984" sceneID="AA" modelAPointer="0" modelBPointer="0" />
  <setup name="CS - Get out of the House!" pointer="7988" sceneID="AB" modelAPointer="0" modelBPointer="0" />
  <setup name="CS - Come on!" pointer="798c" sceneID="AC" modelAPointer="0" modelBPointer="0" />
</setups>